﻿{
  "assembly": [
    "TinyRichEditor.dll"
  ],
  "css": [
    "Resources/TinyRichEditorStyle.css"
  ],
  "javascript": [
    "Resources/tinymce_6.6.2/tinymce/tinymce.min.js",
    "Resources/purify/purify.min.js",
    "Resources/TinyRichEditor.js"
  ],
  "serverApiAssembly": [],
  "image": "Resources/Image.png",
  "description": "TinyMCE is an easy-to-use and powerful rich text editor",
  "description_cn": "TinyMCE是一款易用、且功能强大的所见即所得的富文本编辑器。",
  "description_kr": "TinyMCE는 사용하기 쉽고 강력한 리치 텍스트 편집기입니다",
  "name": "TinyRichEditor",
  "name_cn": "Tiny富文本编辑器",
  "name_kr": "Tiny 리치 텍스트 편집기",
  "pluginType": "cellType",
  "guid": "b1356c5e-670a-499a-b96e-4d5193e3e647",
  "version": "10.0.10.0",
  "locale": "Resources/locale.json",
  "dependenceVersion": "10.0.10.0",
  "bundleJavaScript": true,
  "bundleCSS": true
}