﻿{
  "Login_ErrorMessage_UserNameCannotBeNull": {
    "en": "User name cannot be null or empty.",
    "cn": "用户名不能为空。",
    "ja": "ユーザー名を入力してください。",
    "kr": "사용자명을 입력하십시오."
  },
  "Login_ErrorMessage_PasswordCannotBeNull": {
    "en": "Password cannot be null or empty.",
    "cn": "密码不能为空。",
    "ja": "パスワードを入力してください。",
    "kr": "암호를 입력하십시오."
  },
  "Login_ErrorMessage": {
    "en": "User name or password is wrong.",
    "cn": "用户名或密码错误",
    "ja": "ユーザー名、またはパスワードが不正です。",
    "kr": "ID 혹은 비밀호를 잘 못 입력하셨습니다."
  },
  "Command_Parameters_Error_RepeatExtendedProperty": {
    "en": "AddUser command parameter error. Duplicate extended property \"{0}\" is set.",
    "cn": "添加用户命令参数错误，重复设置相同自定义属性\"{0}\"。",
    "ja": "［新しいユーザーの追加］コマンドのプロパティが不正です。重複した拡張属性「{0}」が設定されています。",
    "kr": "새로운 사용자 추가 명령의 속성이 잘못되었습니다. 속성 「{0}」은 이미 설정되어 있습니다."
  }
}
