{
  "assembly": [
    "WorkflowCommand.dll"
  ],
  "javascript": [
    "Resources/BatchWorkflowCommand.js"
  ],
  "css": [],
  "image": "Resources/PluginLogo.png",
  "description": "Please use workflow command to handle the whole process  finely.",
  "description_ja": "単一レコードのワークフローを遷移させるコマンドとワークフローの一括処理を行うコマンドです。",
  "description_cn": "通过工作流命令可以更精细的控制整个流程。",
  "description_kr": "워크플로우 명령을 활용하여 전체 프로세스를 정교하게 설계할 수 있습니다.",
  "name": "WorkflowCommand",
  "name_ja": "ワークフローコマンド",
  "name_cn": "工作流命令",
  "name_kr": "워크플로우 관리",
  "pluginType": "command",
  "guid": "ef5e63d7-496c-46c7-9a73-943c21f6852e",
  "version": "10.0.10.0",
  "dependenceVersion": "10.0.10.0",
  "bundleJavaScript": true,
  "bundleCSS": true
}