﻿{
  "assembly": [
    "PostgreSqlWrapper.dll"
  ],
  "javascript": [],
  "css": [],
  "image": "Resources/PluginLogo.png",
  "dBDisplayOrder": 3,
  "name": "PostgreSQL Database",
  "alias": "PostgreSQL",
  "provider": ".NET Framework Data Provider for PostgreSQL",
  "providerShort": "Npgsql",
  "providerDesc": "A PostgreSQL ADO.NET provider that supports PostgreSQL Database.",
  "description": "Use this selection to connect to PostgreSQL Database.",
  "name_cn": "PostgreSQL数据库",
  "alias_cn": "PostgreSQL",
  "provider_cn": "PostgreSQL的.NET Framework数据提供程序。",
  "providerShort_cn": "NpgsqlConnector",
  "providerDesc_cn": "一个PostgreSQL ADO.NET 提供器, 支持PostgreSQL数据库。",
  "description_cn": "使用此选择，可连接到PostgreSQL数据库。",
  "name_ja": "PostgreSQL",
  "alias_ja": "PostgreSQL",
  "provider_ja": "Npgsql",
  "providerShort_ja": "Npgsql",
  "providerDesc_ja": "PostgreSQL に接続するには、このデータ プロバイダーを使用します。",
  "description_ja": "Npgsql を使用して PostgreSQL に接続するには、これを選択します。",
  "name_kr": "PostgreSQL 데이터베이스",
  "alias_kr": "PostgreSQL",
  "provider_kr": "PostgreSQL 데이터베이스용 .NET Framework 데이터 공급자",
  "providerShort_kr": "NpSQL 데이터 공급자",
  "providerDesc_kr": "PostgreSQL 데이터베이스를 지원하는 ADO.NET 공급자입니다.",
  "description_kr": "PostgreSQL 데이터베이스를 사용하시려면 선택하세요.",
  "pluginType": "database",
  "guid": "cc38d1c8-62bd-4c51-bac1-f5fccb9e5606",
  "version": "10.0.12.0",
  "dependenceVersion": "10.0.11.0"
}