﻿{
  "assembly": [
    "TiberoDbWrapper.dll"
  ],
  "javascript": [],
  "css": [],
  "image": "Resources/PluginLogo.png",
  "dBDisplayOrder": 5,
  "name": "Tibero OLEDB Data Source",
  "alias": "TiberoOledb",
  "provider": ".NET Framework Data Provider for OLE DB",
  "providerShort": "OLE DB",
  "providerDesc": "Use this data provider to connect to Tibero data sources.",
  "description": "Use this data provider to connect to Tibero data sources.",
  "name_cn": "Tibero OLEDB 数据源",
  "alias_cn": "TiberoOledb",
  "provider_cn": "用于OLE DB的.NET Framework数据提供程序。",
  "providerShort_cn": "OLE DB",
  "providerDesc_cn": "使用此数据提供程序连接到Tibero数据源。",
  "description_cn": "使用此数据提供程序连接到Tibero数据源。",
  "name_ja": "Tibero OLEDB Data Source",
  "alias_ja": "TiberoOledb",
  "provider_ja": ".NET Framework Data Provider for OLE DB",
  "providerShort_ja": "Npgsql",
  "providerDesc_ja": "Use this data provider to connect to Tibero data sources.",
  "description_ja": "Use this data provider to connect to Tibero data sources.",
  "name_kr": "Tibero OLEDB 데이터베이스",
  "alias_kr": "TiberoOledb",
  "provider_kr": "OLE DB를 지원하는 .NET Framework 데이터 공급자",
  "providerShort_kr": "OLE DB",
  "providerDesc_kr": "이 데이터 제공자를 사용하여 Tibero 데이터베이스를 이용하실 수 있습니다.",
  "description_kr": "이 데이터 제공자를 사용하여 Tibero 데이터베이스를 이용하실 수 있습니다.",
  "pluginType": "database",
  "guid": "fafc4b8b-9171-40ee-b581-3d4cf90ce848",
  "version": "10.0.11.0",
  "dependenceVersion": "10.0.11.0"
}