{
  "assembly": [
    "EchartsCustomCellType.dll"
  ],
  "css": [
    "Resources/cdn.jsdelivr.net_npm_dat.gui@0.7.9_build_dat.gui.min.css"
  ],
  "javascript": [
    "Resources/cdn.jsdelivr.net_npm_d3@7.8.5_dist_d3.min.js",
    "Resources/cdn.jsdelivr.net_npm_echarts-gl@2.0.9_dist_echarts-gl.min.js",
    "Resources/cdn.jsdelivr.net_npm_echarts_dist_extension_bmap.min.js",
    "Resources/cdn.jsdelivr.net_npm_dat.gui@0.7.9_build_dat.gui.min.js",
    "Resources/EchartsCustomCellTypeCellType.js",
    "Resources/EchartsCustomCellTypeCommand.js"
  ],
  "serverApiAssembly": [],
  "image": "Resources/PluginLogo.png",
  "description": "Using this plguin allows for more freedom in generating charts",
  "description_cn": "使用Echarts图表插件可以更自由的生成图表。",
  "description_kr": "이 플러그인을 사용하면 차트를 더 자유롭게 생성할 수 있습니다.",
  "name": "Echarts Graph",
  "name_cn": "Echarts图表",
  "name_kr": "Echarts 그래프",
  "pluginType": "cellType,command",
  "locale": "Resources/locale.json",
  "guid": "e460a333-cbab-4c98-9f3e-5ab8d9e307cc",
  "version": "10.0.10.0",
  "dependenceVersion": "10.0.10.0",
  "bundleJavaScript": true,
  "bundleCSS": true,
  "custom_config": {
    "debug": false,
    "dist": "Resources\\dist"
  }
}