{
  "ReactNativeError": {
    "en": "Please use the ReactNative version of the Forguncy mobile client to execute this command.",
    "cn": "请使用ReactNative版本的手机客户端打开重试！",
    "ja": "Please use the ReactNative version of the Forguncy mobile client to execute this command.",
    "kr": "Please use the ReactNative version of the Forguncy mobile client to execute this command."
  },
  "CellLocationEmptyError": {
    "en": "Target cell cannot be empty",
    "cn": "目标单元格不能为空",
    "ja": "Target cell cannot be empty",
    "kr": "Target cell cannot be empty"
  },
  "PortError": {
    "en": "Port number must be specified",
    "cn": "必须指定串口号",
    "ja": "Port number must be specified",
    "kr": "Port number must be specified"
  },
  "BaudError": {
    "en": "Please enter the baud as an integer",
    "cn": "请输入整数类型的波特率",
    "ja": "Please enter the baud as an integer",
    "kr": "Please enter the baud as an integer"
  },
  "AddressError": {
    "en": "Please enter the address as an integer",
    "cn": "请输入整数类型的起始地址",
    "ja": "Please enter the address as an integer",
    "kr": "Please enter the address as an integer"
  },
  "LengthError": {
    "en": "Please enter the length as an integer",
    "cn": "请输入整数类型的长度",
    "ja": "Please enter the length as an integer",
    "kr": "Please enter the length as an integer"
  },
  "IDError": {
    "en": "Tag ID must be specified",
    "cn": "必须指定标签ID",
    "ja": "Tag ID must be specified",
    "kr": "Tag ID must be specified"
  },
  "BroadcastError": {
    "en": "Please configure the broadcast action name and broadcast key name",
    "cn": "请配置广播名称和键值名称",
    "ja": "Please configure the broadcast action name and broadcast key name",
    "kr": "Please configure the broadcast action name and broadcast key name"
  }
}