﻿{
  "GridEditor.Tabel.codeNameCol": {
    "en": "Code Name",
    "cn": "代号",
    "ja": "Code Name",
    "kr": "코드명"
  },
  "GridEditor.Tabel.nameCol": {
    "en": "Name",
    "cn": "名称",
    "ja": "Name",
    "kr": "이름"
  },
  "GridEditor.Tabel.statusCol": {
    "en": "Status",
    "cn": "状态",
    "ja": "Status",
    "kr": "상태"
  },
  "GridEditor.Tabel.startCol": {
    "en": "Start",
    "cn": "开始时间",
    "ja": "Start",
    "kr": "시작일"
  },
  "GridEditor.Tabel.endCol": {
    "en": "End",
    "cn": "结束时间",
    "ja": "End",
    "kr": "종료일"
  },
  "GridEditor.Tabel.durationCol": {
    "en": "Dur.",
    "cn": "工期",
    "ja": "Dur.",
    "kr": "기간."
  },
  "GridEditor.Tabel.actualStartCol": {
    "en": "Actual Start",
    "cn": "实际开始时间",
    "ja": "Actual Start",
    "kr": "실제 시작일"
  },
  "GridEditor.Tabel.actualEndCol": {
    "en": "Actual End",
    "cn": "实际结束时间",
    "ja": "Actual End",
    "kr": "실제 종료일"
  },
  "GridEditor.Tabel.actualDurationCol": {
    "en": "A. Dur.",
    "cn": "实际工期",
    "ja": "A. Dur.",
    "kr": "실제 기간."
  },
  "GridEditor.Tabel.dependsCol": {
    "en": "Dep.",
    "cn": "前置任务",
    "ja": "Dep.",
    "kr": "의존."
  },
  "GridEditor.Tabel.progressCol": {
    "en": "%",
    "cn": "%",
    "ja": "%",
    "kr": "%"
  },
  "GridEditor.Tabel.descriptionCol": {
    "en": "Description",
    "cn": "描述",
    "ja": "Description",
    "kr": "설명"
  },
  "GridEditor.Tabel.assigsCol": {
    "en": "Assigs",
    "cn": "资源",
    "ja": "Assigs",
    "kr": "담당자"
  },
  "GridEditor.Tabel.codeNameColTitle": {
    "en": "Code Name",
    "cn": "任务代号",
    "ja": "Code Name",
    "kr": "코드명"
  },
  "GridEditor.Tabel.nameColTitle": {
    "en": "Task Name",
    "cn": "任务名称",
    "ja": "Task Name",
    "kr": "이름"
  },
  "GridEditor.Tabel.statusColTitle": {
    "en": "Task Status",
    "cn": "任务状态",
    "ja": "Task Status",
    "kr": "작업 상태"
  },
  "GridEditor.Tabel.startColTitle": {
    "en": "Plan Start Date",
    "cn": "计划开始时间",
    "ja": "Plan Start Date",
    "kr": "계획 시작 날짜"
  },
  "GridEditor.Tabel.endColTitle": {
    "en": "Plan End Date",
    "cn": "计划结束时间",
    "ja": "Plan End Date",
    "kr": "계획 종료 날짜"
  },
  "GridEditor.Tabel.durationColTitle": {
    "en": "Plan Duration",
    "cn": "计划工期",
    "ja": "Plan Duration",
    "kr": "계획 기간"
  },
  "GridEditor.Tabel.actualStartColTitle": {
    "en": "Actual Start Date",
    "cn": "实际开始时间",
    "ja": "Actual Start Date",
    "kr": "실제 시작일"
  },
  "GridEditor.Tabel.actualEndColTitle": {
    "en": "Actual End Date",
    "cn": "实际结束时间",
    "ja": "Actual End Date",
    "kr": "실제 종료일"
  },
  "GridEditor.Tabel.actualDurationColTitle": {
    "en": "Actual Duration",
    "cn": "实际工期",
    "ja": "Actual Duration",
    "kr": "실제 기간"
  },
  "GridEditor.Tabel.dependsColTitle": {
    "en": "Depends",
    "cn": "前置任务",
    "ja": "Depends",
    "kr": "의존"
  },
  "GridEditor.Tabel.progressColTitle": {
    "en": "Progress",
    "cn": "任务进度",
    "ja": "Progress",
    "kr": "진행율"
  },
  "GridEditor.Tabel.descriptionColTitle": {
    "en": "Description",
    "cn": "任务描述",
    "ja": "Description",
    "kr": "설명"
  },
  "GridEditor.Tabel.assigsColTitle": {
    "en": "Resource Assignment",
    "cn": "任务资源",
    "ja": "Resource Assignment",
    "kr": "자원 할당"
  },
  "GridEditor.Tabel.milestoneColTitle": {
    "en": "Milestone",
    "cn": "里程碑",
    "ja": "Milestone",
    "kr": "마일스톤"
  },
  "GridEditor.Tabel.startMilestoneColTitle": {
    "en": "Start date is a milestone.",
    "cn": "开始时间是一个里程碑",
    "ja": "Start date is a milestone.",
    "kr": "시작일는 마일스톤입니다."
  },
  "GridEditor.Tabel.endMilestoneColTitle": {
    "en": "End date is a milestone.",
    "cn": "结束时间是一个里程碑",
    "ja": "End date is a milestone.",
    "kr": "종료일은 마일스톤입니다."
  },
  "GridEditor.TaskRow.codeNamePlaceholder": {
    "en": "Code Name",
    "cn": "代号",
    "ja": "Code Name",
    "kr": "코드명"
  },
  "GridEditor.TaskRow.namePlaceholder": {
    "en": "Name",
    "cn": "名称",
    "ja": "Name",
    "kr": "이름"
  },
  "GridEditor.TaskRow.defaultRootName": {
    "en": "Default Root Name",
    "cn": "默认根任务名称",
    "ja": "Default Root Name",
    "kr": "기본 루트 이름"
  },
  "GridEditor.Status.STATUS_ACTIVE": {
    "en": "Activing",
    "cn": "进行中",
    "ja": "Activing",
    "kr": "활성"
  },
  "GridEditor.Status.STATUS_DONE": {
    "en": "Completed",
    "cn": "已完成",
    "ja": "Completed",
    "kr": "완료"
  },
  "GridEditor.Status.STATUS_FAILED": {
    "en": "Failed",
    "cn": "已失败",
    "ja": "Failed",
    "kr": "실패"
  },
  "GridEditor.Status.STATUS_SUSPENDED": {
    "en": "Suspended",
    "cn": "准备中",
    "ja": "Suspended",
    "kr": "중단됨"
  },
  "GridEditor.Status.STATUS_WAITING": {
    "en": "Waiting",
    "cn": "等待中",
    "ja": "Waiting",
    "kr": "대기 중"
  },
  "GridEditor.Error.PLAN_DURATION_VALID": {
    "en": "The value must be a number with a minimum of 1",
    "cn": "值必须为数字且最小为 1",
    "ja": "The value must be a number with a minimum of 1",
    "kr": "값은 최소값이 1인 숫자여야 합니다."
  },
  "GridEditor.Error.ACTUAL_DURATION_VALID": {
    "en": "The value can be empty or numeric with a minimum of 1",
    "cn": "值可为空，或者为数字且最小为 1",
    "ja": "The value can be empty or numeric with a minimum of 1",
    "kr": "값은 비어 있거나 최소값이 1인 숫자여야 합니다.."
  },
  "GridMaster.ButtonBar.addAboveCurrentTask": {
    "en": "Insert Above Task",
    "cn": "在上一行添加任务",
    "ja": "Insert Above Task",
    "kr": "작업 위에 삽입"
  },
  "GridMaster.ButtonBar.addBelowCurrentTask": {
    "en": "Insert Below Task",
    "cn": "在下一行添加任务",
    "ja": "Insert Below Task",
    "kr": "작업 아래에 삽입"
  },
  "GridMaster.ButtonBar.outdentCurrentTask": {
    "en": "Outdent Task",
    "cn": "提高一层任务层级",
    "ja": "Outdent Task",
    "kr": "작업 내어쓰기"
  },
  "GridMaster.ButtonBar.indentCurrentTask": {
    "en": "Indent Task",
    "cn": "降低一层任务层级",
    "ja": "Indent Task",
    "kr": "작업 들여쓰기"
  },
  "GridMaster.ButtonBar.moveUpCurrentTask": {
    "en": "Move Up Task",
    "cn": "向上一层移动任务",
    "ja": "Move Up Task",
    "kr": "작업 위로 이동"
  },
  "GridMaster.ButtonBar.moveDownCurrentTask": {
    "en": "Move Down Task",
    "cn": "向下一层移动任务",
    "ja": "Move Down Task",
    "kr": "작업 아래로 이동"
  },
  "GridMaster.ButtonBar.deleteFocused": {
    "en": "Delete Task",
    "cn": "删除任务",
    "ja": "Delete Task",
    "kr": "작업 삭제"
  },
  "GridMaster.ButtonBar.expandAll": {
    "en": "Expand All Subtasks",
    "cn": "展开子任务",
    "ja": "Expand All Subtasks",
    "kr": "모든 하위 작업 확장"
  },
  "GridMaster.ButtonBar.collapseAll": {
    "en": "Collapse All Subtasks",
    "cn": "折叠子任务",
    "ja": "Collapse All Subtasks",
    "kr": "모든 하위 작업 접기"
  },
  "GridMaster.ButtonBar.zoomMinus": {
    "en": "Zoom Out",
    "cn": "增大视图",
    "ja": "Zoom Out",
    "kr": "축소"
  },
  "GridMaster.ButtonBar.zoomPlus": {
    "en": "Zoom In",
    "cn": "减少视图",
    "ja": "Zoom In",
    "kr": "확대"
  },
  "GridMaster.ButtonBar.timeUnitMinus": {
    "en": "Decrease Time Unit",
    "cn": "减少时间单位",
    "ja": "Decrease Time Unit",
    "kr": "시간 단위 감소"
  },
  "GridMaster.ButtonBar.timeUnitPlus": {
    "en": "Increase Time Uni",
    "cn": "增大时间单位",
    "ja": "Increase Time Uni",
    "kr": "시간 단위 증가"
  },
  "GridMaster.ButtonBar.toggleShowCriticalPath": {
    "en": "Critical Path",
    "cn": "显/隐关键任务路径",
    "ja": "Critical Path",
    "kr": "중요한 경로"
  },
  "GridMaster.ButtonBar.splitterLeft": {
    "en": "Splitter To Left",
    "cn": "分隔线置于最左边",
    "ja": "Splitter To Left",
    "kr": "스플리터를 왼쪽으로"
  },
  "GridMaster.ButtonBar.splitterMiddle": {
    "en": "Splitter To Middle",
    "cn": "分隔线置于中间",
    "ja": "Splitter To Middle",
    "kr": "스플리터를 중간으로"
  },
  "GridMaster.ButtonBar.splitterRight": {
    "en": "Splitter To Right",
    "cn": "分隔线置于右边",
    "ja": "Splitter To Right",
    "kr": "스플리터를 오른쪽으로"
  },
  "GridMaster.ButtonBar.toggleColorByStatus": {
    "en": "Toggle Status Color",
    "cn": "切换状态颜色",
    "ja": "Toggle Status Color",
    "kr": "상태 색상 전환"
  },
  "GridMaster.ButtonBar.switchDiaplaySVG": {
    "en": "Switch Show Actual",
    "cn": "显/隐实际图",
    "ja": "Switch Show Actual",
    "kr": "실제 표시 전환"
  },
  "GridMaster.ButtonBar.saveGanttData": {
    "en": "Save",
    "cn": "保存",
    "ja": "Save",
    "kr": "저장"
  },
  "GridMaster.Custom.msgError": {
    "en": "ERROR:",
    "cn": "错误：",
    "ja": "ERROR:",
    "kr": "에러:"
  },
  "Error.CANNOT_WRITE": {
    "en": "No permission to change the following task:",
    "cn": "没有权限去修改这些任务：",
    "ja": "No permission to change the following task:",
    "kr": "다음 작업을 변경할 수 있는 권한이 없습니다."
  },
  "Error.CHANGE_OUT_OF_SCOPE": {
    "en": "Project update not possible as you lack rights for updating a parent project.",
    "cn": "无法更新项目：缺乏更新父项目的权限",
    "ja": "Project update not possible as you lack rights for updating a parent project.",
    "kr": "상위 프로젝트를 업데이트할 수 있는 권한이 없으므로 프로젝트를 업데이트할 수 없습니다."
  },
  "Error.START_IS_MILESTONE": {
    "en": "Start date is a milestone.",
    "cn": "开始时间是一个里程碑",
    "ja": "Start date is a milestone.",
    "kr": "시작날짜는 마일스톤입니다."
  },
  "Error.END_IS_MILESTONE": {
    "en": "End date is a milestone.",
    "cn": "结束时间是一个里程碑",
    "ja": "End date is a milestone.",
    "kr": "종료날짜는 마일스톤입니다."
  },
  "Error.TASK_HAS_CONSTRAINTS": {
    "en": "Task has constraints: It has predecessors or it is the first child task of the parent task",
    "cn": "任务被约束：拥有前置任务",
    "ja": "Task has constraints: It has predecessors or it is the first child task of the parent task",
    "kr": "작업에 제약이 있음: 선행 작업이 있거나 상위 작업의 첫 번째 하위 작업입니다."
  },
  "Error.GANTT_ERROR_DEPENDS_ON_OPEN_TASK": {
    "en": "Error: there is a dependency on an open task.",
    "cn": "错误：打开的任务被依赖。",
    "ja": "Error: there is a dependency on an open task.",
    "kr": "오류: 열려 있는 작업에 대한 종속성이 있습니다."
  },
  "Error.GANTT_ERROR_DESCENDANT_OF_CLOSED_TASK": {
    "en": "Error: due to a descendant of a closed task.",
    "cn": "错误：关闭的任务有子任务",
    "ja": "Error: due to a descendant of a closed task.",
    "kr": "오류: 닫힌 작업의 하위 항목으로 인해 발생합니다."
  },
  "Error.TASK_HAS_EXTERNAL_DEPS": {
    "en": "This task has external dependencies.",
    "cn": "这个任务有外部依赖。",
    "ja": "This task has external dependencies.",
    "kr": "이 작업에는 외부 종속성이 있습니다."
  },
  "Error.GANNT_ERROR_LOADING_DATA_TASK_REMOVED": {
    "en": "GANNT_ERROR_LOADING_DATA_TASK_REMOVED",
    "cn": "错误：加载已移除的任务",
    "ja": "GANNT_ERROR_LOADING_DATA_TASK_REMOVED",
    "kr": "GANNT_ERROR_LOADING_DATA_TASK_REMOVED"
  },
  "Error.CIRCULAR_REFERENCE": {
    "en": "Circular reference.",
    "cn": "循环依赖",
    "ja": "Circular reference.",
    "kr": "순환 참조."
  },
  "Error.CANNOT_DEPENDS_ON_ANCESTORS": {
    "en": "Cannot depend on ancestors.",
    "cn": "不能依赖祖先",
    "ja": "Cannot depend on ancestors.",
    "kr": "Cannot depend on ancestors."
  },
  "Error.INVALID_DATE_FORMAT": {
    "en": "The data inserted are invalid for the field format.",
    "cn": "插入的数据对于字段格式无效",
    "ja": "The data inserted are invalid for the field format.",
    "kr": "삽입된 데이터는 필드 형식에 유효하지 않습니다."
  },
  "Error.GANTT_ERROR_LOADING_DATA_TASK_REMOVED": {
    "en": "An error has occurred while loading the data. A task has been trashed.",
    "cn": "加载数据时发生错误：一项任务已被删除。",
    "ja": "An error has occurred while loading the data. A task has been trashed.",
    "kr": "데이터를 로드하는 동안 오류가 발생했습니다. 작업이 삭제되었습니다."
  },
  "Error.CANNOT_CLOSE_TASK_IF_OPEN_ISSUE": {
    "en": "Cannot close a task with open issues",
    "cn": "无法关闭有未解决问题的任务",
    "ja": "Cannot close a task with open issues",
    "kr": "열기 문제가 있는 작업을 닫을 수 업습니다."
  },
  "Error.TASK_MOVE_INCONSISTENT_LEVEL": {
    "en": "You cannot exchange tasks of different depth.",
    "cn": "不能交换不同层级的任务",
    "ja": "You cannot exchange tasks of different depth.",
    "kr": "깊이(depth)가 다른 작업은 교환할 수 없습니다."
  },
  "Error.CANNOT_MOVE_TASK": {
    "en": "CANNOT_MOVE_TASK",
    "cn": "不能移动任务",
    "ja": "CANNOT_MOVE_TASK",
    "kr": "CANNOT_MOVE_TASK"
  },
  "Error.PLEASE_SAVE_PROJECT": {
    "en": "PLEASE_SAVE_PROJECT",
    "cn": "PLEASE_SAVE_PROJECT请保存项目",
    "ja": "PLEASE_SAVE_PROJECT",
    "kr": "PLEASE_SAVE_PROJECT"
  },
  "Error.GANTT_SEMESTER": {
    "en": "Semester",
    "cn": "短学期",
    "ja": "Semester",
    "kr": "반기"
  },
  "Error.GANTT_SEMESTER_SHORT": {
    "en": "s.",
    "cn": "短学期",
    "ja": "s.",
    "kr": "s."
  },
  "Error.GANTT_QUARTER": {
    "en": "Quarter",
    "cn": "季度",
    "ja": "Quarter",
    "kr": "분기"
  },
  "Error.GANTT_QUARTER_SHORT": {
    "en": "q.",
    "cn": "季度",
    "ja": "q.",
    "kr": "q."
  },
  "Error.GANTT_WEEK": {
    "en": "Week",
    "cn": "周",
    "ja": "Week",
    "kr": "주"
  },
  "Error.GANTT_WEEK_SHORT": {
    "en": "w.",
    "cn": "周",
    "ja": "w.",
    "kr": "w."
  },
  "Error.CANNOT_END_TIME_LESS_THAN_START_TIME": {
    "en": "The start time cannot be less than the end time",
    "cn": "结束时间不能小于开始时间",
    "ja": "The start time cannot be less than the end time",
    "kr": "시작 시간은 종료 시간보다 작을 수 없습니다."
  },
  "Error.TASK_HAS_PERDECESSORS": {
    "en": "Task has constraints: It has predecessors.",
    "cn": "任务被约束：拥有前置任务",
    "ja": "Task has constraints: It has predecessors.",
    "kr": "작업에 제약이 있음: 선행 작업이 있습니다."
  },
  "Error.TASK_PARENT_HAS_PERDECESSORS_START_TIME_EARLY": {
    "en": "Task has constraints: because its parent has predecessors, so the start time of this task cannot be earlier than then start time of its parent task.",
    "cn": "任务被约束：因为其父任务拥有前置任务，故此任务的开始时间不能早于其父任务的开始时间",
    "ja": "Task has constraints: because its parent has predecessors, so the start time of this task cannot be earlier than then start time of its parent task.",
    "kr": "작업에는 제약 조건이 있습니다. 상위 작업에는 선행 작업이 있으므로 이 작업의 시작 시간은 상위 작업의 시작 시간보다 빠를 수 없습니다."
  },
  "Error.TASK_PARENT_HAS_PERDECESSORS_START_TIME_MORE": {
    "en": "Task has constraints: bacause its parent has predecessors, so there must be a child task whose start time is the same as that of its parent task.",
    "cn": "任务被约束：因为其父任务拥有前置任务，故必须有一个子任务的开始时间相同于其父任务的开始时间",
    "ja": "Task has constraints: bacause its parent has predecessors, so there must be a child task whose start time is the same as that of its parent task.",
    "kr": "작업에는 제약 조건이 있습니다. 상위 작업에는 선행 작업이 있으므로 시작 시간이 상위 작업과 동일한 하위 작업이 있어야 합니다."
  },
  "Error.TASK_HAS_SUBTASKS_START_TIME": {
    "en": "Task has subtasks, and its start time is subject to the earliest start time of the subtask.",
    "cn": "任务拥有子任务，其开始时间以子任务最早开始时间为准",
    "ja": "Task has subtasks, and its start time is subject to the earliest start time of the subtask.",
    "kr": "작업에는 하위 작업이 있으며 시작 시간은 하위 작업의 가장 빠른 시작 시간에 따라 달라집니다."
  },
  "Error.TASK_HAS_SUBTASKS_END_TIME": {
    "en": "Task has subtasks, and its end time is subject to the lastest end time of the subtask.",
    "cn": "任务拥有子任务，其结束时间以子任务最晚结束时间为准",
    "ja": "Task has subtasks, and its end time is subject to the lastest end time of the subtask.",
    "kr": "작업에는 하위 작업이 있으며 종료 시간은 하위 작업의 마지막 종료 시간에 따라 달라집니다."
  },
  "Error.CANNOT_ADD_ABOVE_ROOT_TASK": {
    "en": "Cannot add brothers to root.",
    "cn": "不能在根任务之前添加任务",
    "ja": "Cannot add brothers to root.",
    "kr": "루트에 동위 항목을 추가할 수 없습니다."
  },
  "Error.CANNOT_OUTDENT_ROOT_TASK": {
    "en": "Cannot outdent the root task level.",
    "cn": "不能提高根任务层级",
    "ja": "Cannot outdent the root task level.",
    "kr": "루트 작업 수준을 내어쓸 수 없습니다."
  },
  "Error.ONLY_CAN_HAVE_ONE_ROOT_TASK": {
    "en": "There can only be one root task.",
    "cn": "只能有一个根任务",
    "ja": "There can only be one root task.",
    "kr": "하나의 루트 작업만 있을 수 있습니다."
  },
  "Error.CANNOT_INDENT_ROOT_TASK": {
    "en": "Cannot indent the root task level.",
    "cn": "不能降低根任务层级",
    "ja": "Cannot indent the root task level.",
    "kr": "루트 작업 수준(레벨)을 들여쓸 수 없습니다."
  },
  "Error.INDENT_TASK_MAXIMUM": {
    "en": "Task indented to the maximum extent: as a subtask of the previous task.",
    "cn": "任务已缩进到最大程度：作为上一个任务的子任务",
    "ja": "Task indented to the maximum extent: as a subtask of the previous task.",
    "kr": "최대 범위까지 들여쓴 작업: 이전 작업의 하위 작업으로."
  },
  "Error.CANNOT_MOVE_ROOT_TASK": {
    "en": "Cannot move the root task.",
    "cn": "不能移动根任务",
    "ja": "Cannot move the root task.",
    "kr": "루트 작업을 이동할 수 없습니다.."
  },
  "Error.TASK_MOVED_TO_TOP_SIBLING": {
    "en": "Task moved to top of sibling.",
    "cn": "任务已移动到同级最前",
    "ja": "Task moved to top of sibling.",
    "kr": "작업이 동위 항목의 맨 위로 이동했습니다."
  },
  "Error.TASK_MOVED_TO_LAST_SIBLING": {
    "en": "Task moved to last of sibling.",
    "cn": "任务已移动到同级最后",
    "ja": "Task moved to last of sibling.",
    "kr": "작업이 동위 항목의 마지막으로 이동했습니다."
  },
  "Error.SELECT_THE_TASK_TO_DELETE": {
    "en": "Please select the task to delete",
    "cn": "请选择要删除的任务",
    "ja": "Please select the task to delete",
    "kr": "삭제할 작업을 선택하세요."
  },
  "Error.CANNOT_DELETE_ROOT_TASK": {
    "en": "Cannot delete the root task.",
    "cn": "不能删除根任务",
    "ja": "Cannot delete the root task.",
    "kr": "루트 작업을 삭제할 수 없습니다."
  },
  "Date.DefaultFormat": {
    "en": "MM/dd/yyyy",
    "cn": "yyyy/MM/dd",
    "ja": "MM/dd/yyyy",
    "kr": "MM/dd/yyyy"
  },
  "Date.MonthNames.Jan": {
    "en": "January",
    "cn": "一月",
    "ja": "January",
    "kr": "1월"
  },
  "Date.MonthNames.Feb": {
    "en": "February",
    "cn": "二月",
    "ja": "February",
    "kr": "2월"
  },
  "Date.MonthNames.Mar": {
    "en": "March",
    "cn": "三月",
    "ja": "March",
    "kr": "3월"
  },
  "Date.MonthNames.Apr": {
    "en": "April",
    "cn": "四月",
    "ja": "April",
    "kr": "4월"
  },
  "Date.MonthNames.May": {
    "en": "May",
    "cn": "五月",
    "ja": "May",
    "kr": "5월"
  },
  "Date.MonthNames.Jun": {
    "en": "June",
    "cn": "六月",
    "ja": "June",
    "kr": "6월"
  },
  "Date.MonthNames.Jul": {
    "en": "July",
    "cn": "七月",
    "ja": "July",
    "kr": "7월"
  },
  "Date.MonthNames.Aug": {
    "en": "August",
    "cn": "八月",
    "ja": "August",
    "kr": "8월"
  },
  "Date.MonthNames.Sep": {
    "en": "September",
    "cn": "九月",
    "ja": "September",
    "kr": "9월"
  },
  "Date.MonthNames.Oct": {
    "en": "October",
    "cn": "十月",
    "ja": "October",
    "kr": "10월"
  },
  "Date.MonthNames.Nov": {
    "en": "November",
    "cn": "十一月",
    "ja": "November",
    "kr": "11월"
  },
  "Date.MonthNames.Dec": {
    "en": "December",
    "cn": "十二月",
    "ja": "December",
    "kr": "12월"
  },
  "Date.MonthAbbreviations.Jan": {
    "en": "Jan",
    "cn": "一月",
    "ja": "Jan",
    "kr": "1월"
  },
  "Date.MonthAbbreviations.Feb": {
    "en": "Feb",
    "cn": "二月",
    "ja": "Feb",
    "kr": "2월"
  },
  "Date.MonthAbbreviations.Mar": {
    "en": "Mar",
    "cn": "三月",
    "ja": "Mar",
    "kr": "3월"
  },
  "Date.MonthAbbreviations.Apr": {
    "en": "Apr",
    "cn": "四月",
    "ja": "Apr",
    "kr": "4월"
  },
  "Date.MonthAbbreviations.May": {
    "en": "May",
    "cn": "五月",
    "ja": "May",
    "kr": "5월"
  },
  "Date.MonthAbbreviations.Jun": {
    "en": "Jun",
    "cn": "六月",
    "ja": "Jun",
    "kr": "6월"
  },
  "Date.MonthAbbreviations.Jul": {
    "en": "Jul",
    "cn": "七月",
    "ja": "Jul",
    "kr": "7월"
  },
  "Date.MonthAbbreviations.Aug": {
    "en": "Aug",
    "cn": "八月",
    "ja": "Aug",
    "kr": "8월"
  },
  "Date.MonthAbbreviations.Sep": {
    "en": "Sep",
    "cn": "九月",
    "ja": "Sep",
    "kr": "9월"
  },
  "Date.MonthAbbreviations.Oct": {
    "en": "Oct",
    "cn": "十月",
    "ja": "Oct",
    "kr": "10월"
  },
  "Date.MonthAbbreviations.Nov": {
    "en": "Nov",
    "cn": "十一月",
    "ja": "Nov",
    "kr": "11월"
  },
  "Date.MonthAbbreviations.Dec": {
    "en": "Dec",
    "cn": "十二月",
    "ja": "Dec",
    "kr": "12월"
  },
  "Date.DayNames.Sun": {
    "en": "Sunday",
    "cn": "周日",
    "ja": "Sunday",
    "kr": "일요일"
  },
  "Date.DayNames.Mon": {
    "en": "Monday",
    "cn": "周一",
    "ja": "Monday",
    "kr": "월요일"
  },
  "Date.DayNames.Tue": {
    "en": "Tuesday",
    "cn": "周二",
    "ja": "Tuesday",
    "kr": "화요일"
  },
  "Date.DayNames.Wed": {
    "en": "Wednesday",
    "cn": "周三",
    "ja": "Wednesday",
    "kr": "수요일"
  },
  "Date.DayNames.Thu": {
    "en": "Thursday",
    "cn": "周四",
    "ja": "Thursday",
    "kr": "목요일"
  },
  "Date.DayNames.Fri": {
    "en": "Friday",
    "cn": "周五",
    "ja": "Friday",
    "kr": "금요일"
  },
  "Date.DayNames.Sat": {
    "en": "Saturday",
    "cn": "周六",
    "ja": "Saturday",
    "kr": "토요일"
  },
  "Date.DayAbbreviations.Sun": {
    "en": "Sun",
    "cn": "日",
    "ja": "Sun",
    "kr": "일요일"
  },
  "Date.DayAbbreviations.Mon": {
    "en": "Mon",
    "cn": "一",
    "ja": "Mon",
    "kr": "월요일"
  },
  "Date.DayAbbreviations.Tue": {
    "en": "Tue",
    "cn": "二",
    "ja": "Tue",
    "kr": "화요일"
  },
  "Date.DayAbbreviations.Wed": {
    "en": "Wed",
    "cn": "三",
    "ja": "Wed",
    "kr": "수요일"
  },
  "Date.DayAbbreviations.Thu": {
    "en": "Thu",
    "cn": "四",
    "ja": "Thu",
    "kr": "목요일"
  },
  "Date.DayAbbreviations.Fri": {
    "en": "Fri",
    "cn": "五",
    "ja": "Fri",
    "kr": "금요일"
  },
  "Date.DayAbbreviations.Sat": {
    "en": "Sat",
    "cn": "六",
    "ja": "Sat",
    "kr": "토요일"
  },
  "Zoom.ThreeDays.Row1": {
    "en": "{ startMonth } { startDate } - { dateMonth } { dateDay } { dateYear } ({ whickWeek })",
    "cn": "{ dateYear } ({ whickWeek }) { startMonth }.{ startDate }-{ dateMonth }.{ dateDay }",
    "ja": "{ startMonth } { startDate } - { dateMonth } { dateDay } { dateYear } ({ whickWeek })",
    "kr": "{ startMonth } { startDate } - { dateMonth } { dateDay } { dateYear } ({ whickWeek })"
  },
  "Zoom.ThreeDays.Row2": {
    "en": "{ startDay }({ startDate })",
    "cn": "{ startDay }({ startDate })",
    "ja": "{ startDay }({ startDate })",
    "kr": "{ startDay }({ startDate })"
  },
  "Zoom.OneWeek.Row1": {
    "en": "{ startMonth } { startDate } - { dateMonth } { dateDay } { dateYear } ({ whickWeek })",
    "cn": "{ dateYear } ({ whickWeek }) { startMonth }.{ startDate }-{ dateMonth }.{ dateDay }",
    "ja": "{ startMonth } { startDate } - { dateMonth } { dateDay } { dateYear } ({ whickWeek })",
    "kr": "{ startMonth } { startDate } - { dateMonth } { dateDay } { dateYear } ({ whickWeek })"
  },
  "Zoom.OneWeek.Row2": {
    "en": "{ startDay }({ startDate })",
    "cn": "{ startDay }({ startDate })",
    "ja": "{ startDay }({ startDate })",
    "kr": "{ startDay }({ startDate })"
  },
  "Zoom.TwoWeek.Row1": {
    "en": "{ startMonth } { startDate } - { dateMonth } { dateDay } { dateYear } ({ whickWeek })",
    "cn": "{ dateYear } ({ whickWeek }) { startMonth }.{ startDate }-{ dateMonth }.{ dateDay }",
    "ja": "{ startMonth } { startDate } - { dateMonth } { dateDay } { dateYear } ({ whickWeek })",
    "kr": "{ startMonth } { startDate } - { dateMonth } { dateDay } { dateYear } ({ whickWeek })"
  },
  "Zoom.TwoWeek.Row2": {
    "en": "{ startDay }",
    "cn": "{ startDay }",
    "ja": "{ startDay }",
    "kr": "{ startDay }"
  },
  "Zoom.OneMonth.Row1": {
    "en": "{ startMonth } { startYear }",
    "cn": "{ startYear } { startMonth }",
    "ja": "{ startMonth } { startYear }",
    "kr": "{ startMonth } { startYear }"
  },
  "Zoom.OneMonth.Row2": {
    "en": "{ startDate }",
    "cn": "{ startDate }",
    "ja": "{ startDate }",
    "kr": "{ startDate }"
  },
  "Zoom.OneQuarter.Row1": {
    "en": "{ startQuarter } { startYear }",
    "cn": "{ startYear } { startQuarter }",
    "ja": "{ startQuarter } { startYear }",
    "kr": "{ startQuarter } { startYear }"
  },
  "Zoom.OneQuarter.Row2": {
    "en": "{ startMonth }",
    "cn": "{ startMonth }",
    "ja": "{ startMonth }",
    "kr": "{ startMonth }"
  },
  "Zoom.TwoQuarter.Row1": {
    "en": "{ startQuarter } { startYear }",
    "cn": "{ startYear } { startQuarter }",
    "ja": "{ startQuarter } { startYear }",
    "kr": "{ startQuarter } { startYear }"
  },
  "Zoom.TwoQuarter.Row2": {
    "en": "{ startMonth }",
    "cn": "{ startMonth }",
    "ja": "{ startMonth }",
    "kr": "{ startMonth }"
  },
  "Zoom.OneYear.Row1": {
    "en": "{ HalfYear } { startYear }",
    "cn": "{ startYear } { HalfYear }",
    "ja": "{ HalfYear } { startYear }",
    "kr": "{ HalfYear } { startYear }"
  },
  "Zoom.OneYear.Row2": {
    "en": "{ startMonth }",
    "cn": "{ startMonth }",
    "ja": "{ startMonth }",
    "kr": "{ startMonth }"
  },
  "Zoom.TwoYear.Row1": {
    "en": "{ startYear }",
    "cn": "{ startYear }",
    "ja": "{ startYear }",
    "kr": "{ startYear }"
  },
  "Zoom.TwoYear.Row2": {
    "en": "{ HalfYear }",
    "cn": "{ HalfYear }",
    "ja": "{ HalfYear }",
    "kr": "{ HalfYear }"
  },
  "Zoom.WhickWeek": {
    "en": "Week {0}",
    "cn": "第 {0} 周",
    "ja": "Week {0}",
    "kr": "Week {0}"
  },
  "Zoom.MonthAbbreviationsNumber.0": {
    "en": "Jan",
    "cn": "1",
    "ja": "Jan",
    "kr": "1월"
  },
  "Zoom.MonthAbbreviationsNumber.1": {
    "en": "Feb",
    "cn": "2",
    "ja": "Feb",
    "kr": "2월"
  },
  "Zoom.MonthAbbreviationsNumber.2": {
    "en": "Mar",
    "cn": "3",
    "ja": "Mar",
    "kr": "3월"
  },
  "Zoom.MonthAbbreviationsNumber.3": {
    "en": "Apr",
    "cn": "4",
    "ja": "Apr",
    "kr": "4월"
  },
  "Zoom.MonthAbbreviationsNumber.4": {
    "en": "May",
    "cn": "5",
    "ja": "May",
    "kr": "5월"
  },
  "Zoom.MonthAbbreviationsNumber.5": {
    "en": "Jun",
    "cn": "6",
    "ja": "Jun",
    "kr": "6월"
  },
  "Zoom.MonthAbbreviationsNumber.6": {
    "en": "Jul",
    "cn": "7",
    "ja": "Jul",
    "kr": "7월"
  },
  "Zoom.MonthAbbreviationsNumber.7": {
    "en": "Aug",
    "cn": "8",
    "ja": "Aug",
    "kr": "8월"
  },
  "Zoom.MonthAbbreviationsNumber.8": {
    "en": "Sep",
    "cn": "9",
    "ja": "Sep",
    "kr": "9월"
  },
  "Zoom.MonthAbbreviationsNumber.9": {
    "en": "Oct",
    "cn": "10",
    "ja": "Oct",
    "kr": "10월"
  },
  "Zoom.MonthAbbreviationsNumber.10": {
    "en": "Nov",
    "cn": "11",
    "ja": "Nov",
    "kr": "11월"
  },
  "Zoom.MonthAbbreviationsNumber.11": {
    "en": "Dec",
    "cn": "12",
    "ja": "Dec",
    "kr": "12월"
  },
  "Zoom.DayNamesNumber.0": {
    "en": "Sun",
    "cn": "周日",
    "ja": "Sun",
    "kr": "일요일"
  },
  "Zoom.DayNamesNumber.1": {
    "en": "Mon",
    "cn": "周一",
    "ja": "Mon",
    "kr": "월요일"
  },
  "Zoom.DayNamesNumber.2": {
    "en": "Tue",
    "cn": "周二",
    "ja": "Tue",
    "kr": "화요일"
  },
  "Zoom.DayNamesNumber.3": {
    "en": "Wed",
    "cn": "周三",
    "ja": "Wed",
    "kr": "수요일"
  },
  "Zoom.DayNamesNumber.4": {
    "en": "Thu",
    "cn": "周四",
    "ja": "Thu",
    "kr": "목요일"
  },
  "Zoom.DayNamesNumber.5": {
    "en": "Fri",
    "cn": "周五",
    "ja": "Fri",
    "kr": "금요일"
  },
  "Zoom.DayNamesNumber.6": {
    "en": "Sat",
    "cn": "周六",
    "ja": "Sat",
    "kr": "토요일"
  },
  "Zoom.DayAbbreviationsNumber.0": {
    "en": "Sun",
    "cn": "日",
    "ja": "Sun",
    "kr": "일요일"
  },
  "Zoom.DayAbbreviationsNumber.1": {
    "en": "Mon",
    "cn": "一",
    "ja": "Mon",
    "kr": "월요일"
  },
  "Zoom.DayAbbreviationsNumber.2": {
    "en": "Tue",
    "cn": "二",
    "ja": "Tue",
    "kr": "화요일"
  },
  "Zoom.DayAbbreviationsNumber.3": {
    "en": "Wed",
    "cn": "三",
    "ja": "Wed",
    "kr": "수요일"
  },
  "Zoom.DayAbbreviationsNumber.4": {
    "en": "Thu",
    "cn": "四",
    "ja": "Thu",
    "kr": "목요일"
  },
  "Zoom.DayAbbreviationsNumber.5": {
    "en": "Fri",
    "cn": "五",
    "ja": "Fri",
    "kr": "금요일"
  },
  "Zoom.DayAbbreviationsNumber.6": {
    "en": "Sat",
    "cn": "六",
    "ja": "Sat",
    "kr": "토요일"
  },
  "Zoom.QuarterNumber.0": {
    "en": "Quarter 1",
    "cn": "第一季度",
    "ja": "Quarter 1",
    "kr": "1분기"
  },
  "Zoom.QuarterNumber.1": {
    "en": "Quarter 2",
    "cn": "第二季度",
    "ja": "Quarter 2",
    "kr": "2분기"
  },
  "Zoom.QuarterNumber.2": {
    "en": "Quarter 3",
    "cn": "第三季度",
    "ja": "Quarter 3",
    "kr": "3분기"
  },
  "Zoom.QuarterNumber.3": {
    "en": "Quarter 4",
    "cn": "第四季度",
    "ja": "Quarter 4",
    "kr": "4분기"
  },
  "Zoom.HalfYearNumber.0": {
    "en": "Semester 1",
    "cn": "上半年",
    "ja": "Semester 1",
    "kr": "상반기"
  },
  "Zoom.HalfYearNumber.1": {
    "en": "Semester 2",
    "cn": "下半年",
    "ja": "Semester 2",
    "kr": "하반기"
  }
}