{
  "assembly": [
    /*文件名及路径大小写必须严格匹配，否则Linux下提示找不到文件*/
    "RFIDCommand.dll"
  ],
  "javascript": [
    /*文件名及路径大小写必须严格匹配，否则Linux下提示找不到文件*/
    "Resources/RFIDCommand.js"
  ],
  "css": [],
  "image": "Resources/PluginLogo.png",
  "description": "please edit description here",
  "name": "RFIDCommand",
  "pluginType": "command",
  "locale": "Resources/locale.json",
  "guid": "ae5466af-6bfa-48ac-ad11-cd840c5fa9e1",
  "version": "10.0.10.0",
  "dependenceVersion": "10.0.10.0"
}