{
  "assembly": [
    /*文件名及路径大小写必须严格匹配，否则Linux下提示找不到文件*/
    "WebSocketClientCommand.dll"
  ],
  "javascript": [
    /*文件名及路径大小写必须严格匹配，否则Linux下提示找不到文件*/
    "Resources/WebSocketClientCommand.js"
  ],
  "css": [],
  "image": "Resources/PluginLogo.png",
  "description": "please edit description here",
  "name": "WebSocketClientCommand",
  "pluginType": "command",
  "guid": "e6ce3772-158d-48bd-bd3a-ba06eb1f19a9",
  "version": "10.0.10.0",
  "dependenceVersion": "10.0.10.0"
}