{
  "redo": {
    "en": "redo",
    "cn": "重做",
    "ja": "やり直し",
    "kr": "다시 실행"
  },
  "undo": {
    "en": "undo",
    "cn": "撤销",
    "ja": "元に戻す",
    "kr": "실행 취소"
  },
  "cut": {
    "en": "cut",
    "cn": "剪切",
    "ja": "切り取り",
    "kr": "잘라내기"
  },
  "copy": {
    "en": "copy",
    "cn": "复制",
    "ja": "コピー",
    "kr": "복사"
  },
  "paste": {
    "en": "paste",
    "cn": "粘贴",
    "ja": "貼り付け",
    "kr": "붙여넣기"
  },
  "select all": {
    "en": "select all",
    "cn": "全选",
    "ja": "すべて選択",
    "kr": "전체선택"
  },
  "new document": {
    "en": "new document",
    "cn": "新建文档",
    "ja": "新規ドキュメント",
    "kr": "새 문서"
  },
  "ok": {
    "en": "ok",
    "cn": "确定",
    "ja": "OK",
    "kr": "확인"
  },
  "cancel": {
    "en": "cancel",
    "cn": "取消",
    "ja": "取消",
    "kr": "취소"
  },
  "visual aids": {
    "en": "visual aids",
    "cn": "网格线",
    "ja": "表の枠線を点線で表示",
    "kr": "표의 테두리를 점선으로 표시"
  },
  "bold": {
    "en": "bold",
    "cn": "粗体",
    "ja": "太字",
    "kr": "굵게"
  },
  "italic": {
    "en": "italic",
    "cn": "斜体",
    "ja": "斜体",
    "kr": "기울임꼴"
  },
  "underline": {
    "en": "underline",
    "cn": "下划线",
    "ja": "下線",
    "kr": "밑줄"
  },
  "strikethrough": {
    "en": "strikethrough",
    "cn": "删除线",
    "ja": "取消線",
    "kr": "취소선"
  },
  "superscript": {
    "en": "superscript",
    "cn": "上标",
    "ja": "上付き",
    "kr": "위 첨자"
  },
  "subscript": {
    "en": "subscript",
    "cn": "下标",
    "ja": "下付き",
    "kr": "아래 첨자"
  },
  "clear formatting": {
    "en": "clear formatting",
    "cn": "清除格式",
    "ja": "書式をクリア",
    "kr": "서식 지우기"
  },
  "remove": {
    "en": "remove",
    "cn": "移除",
    "ja": "削除",
    "kr": "제거"
  },
  "align left": {
    "en": "align left",
    "cn": "左对齐",
    "ja": "左揃え",
    "kr": "왼쪽 정렬"
  },
  "align center": {
    "en": "align center",
    "cn": "居中对齐",
    "ja": "中央揃え",
    "kr": "중앙 정렬"
  },
  "align right": {
    "en": "align right",
    "cn": "右对齐",
    "ja": "右揃え",
    "kr": "오른쪽 정렬"
  },
  "no alignment": {
    "en": "no alignment",
    "cn": "未对齐",
    "ja": "配置なし",
    "kr": "정렬 없음"
  },
  "justify": {
    "en": "justify",
    "cn": "两端对齐",
    "ja": "両端揃え",
    "kr": "양쪽 정렬"
  },
  "bullet list": {
    "en": "bullet list",
    "cn": "无序列表",
    "ja": "箇条書き",
    "kr": "글머리 기호 목록"
  },
  "numbered list": {
    "en": "numbered list",
    "cn": "有序列表",
    "ja": "番号付き箇条書き",
    "kr": "번호 매기기 목록"
  },
  "decrease indent": {
    "en": "decrease indent",
    "cn": "减少缩进",
    "ja": "インデントを減らす",
    "kr": "내어쓰기"
  },
  "increase indent": {
    "en": "increase indent",
    "cn": "增加缩进",
    "ja": "インデントを増やす",
    "kr": "들여쓰기"
  },
  "close": {
    "en": "close",
    "cn": "关闭",
    "ja": "閉じる",
    "kr": "닫기"
  },
  "formats": {
    "en": "formats",
    "cn": "格式",
    "ja": "書式",
    "kr": "서식"
  },
  "your browser doesn't support direct access to the clipboard. please use the ctrl+x/c/v keyboard shortcuts instead.": {
    "en": "your browser doesn't support direct access to the clipboard. please use the ctrl+x/c/v keyboard shortcuts instead.",
    "cn": "你的浏览器不支持打开剪贴板，请使用Ctrl+X/C/V等快捷键。",
    "ja": "お使いのブラウザではクリップボード機能を利用することができません。キーボードのショートカット（Ctrl+X, Ctrl+C, Ctrl+V）を使用してください。",
    "kr": "브라우저가 클립보드 접근을 지원하지 않습니다. Ctrl+X/C/V 단축키를 이용해주세요."
  },
  "headings": {
    "en": "headings",
    "cn": "标题",
    "ja": "見出し",
    "kr": "제목"
  },
  "heading 1": {
    "en": "heading 1",
    "cn": "一级标题",
    "ja": "見出し1",
    "kr": "제목 1"
  },
  "heading 2": {
    "en": "heading 2",
    "cn": "二级标题",
    "ja": "見出し2",
    "kr": "제목 2"
  },
  "heading 3": {
    "en": "heading 3",
    "cn": "三级标题",
    "ja": "見出し3",
    "kr": "제목 3"
  },
  "heading 4": {
    "en": "heading 4",
    "cn": "四级标题",
    "ja": "見出し4",
    "kr": "제목 4"
  },
  "heading 5": {
    "en": "heading 5",
    "cn": "五级标题",
    "ja": "見出し5",
    "kr": "제목 5"
  },
  "heading 6": {
    "en": "heading 6",
    "cn": "六级标题",
    "ja": "見出し6",
    "kr": "제목 6"
  },
  "preformatted": {
    "en": "preformatted",
    "cn": "预先格式化的",
    "ja": "書式設定済み",
    "kr": "서식 미설정"
  },
  "div": {
    "en": "div",
    "cn": "Div",
    "ja": "分割",
    "kr": "Div"
  },
  "pre": {
    "en": "pre",
    "cn": "前言",
    "ja": "整形済みテキスト",
    "kr": "Pre"
  },
  "code": {
    "en": "code",
    "cn": "代码",
    "ja": "コード",
    "kr": "코드"
  },
  "paragraph": {
    "en": "paragraph",
    "cn": "段落",
    "ja": "段落",
    "kr": "단락"
  },
  "blockquote": {
    "en": "blockquote",
    "cn": "引文区块",
    "ja": "引用",
    "kr": "인용문"
  },
  "inline": {
    "en": "inline",
    "cn": "文本",
    "ja": "インライン",
    "kr": "인라인"
  },
  "blocks": {
    "en": "blocks",
    "cn": "样式",
    "ja": "ブロック",
    "kr": "블록"
  },
  "paste is now in plain text mode. contents will now be pasted as plain text until you toggle this option off.": {
    "en": "paste is now in plain text mode. contents will now be pasted as plain text until you toggle this option off.",
    "cn": "当前为纯文本粘贴模式，再次点击可以回到普通粘贴模式。",
    "ja": "貼り付けは現在プレーンテキストモードです。このオプションをオフにしない限り内容はプレーンテキストとして貼り付けられます。",
    "kr": "붙여넣기가 현재 일반 텍스트 모드입니다. 이 옵션을 해제할 때까지 일반 텍스트로 붙여넣습니다."
  },
  "fonts": {
    "en": "fonts",
    "cn": "字体",
    "ja": "フォント",
    "kr": "글꼴"
  },
  "font sizes": {
    "en": "font sizes",
    "cn": "字体大小",
    "ja": "フォントのサイズ",
    "kr": "글꼴 크기"
  },
  "class": {
    "en": "class",
    "cn": "类型",
    "ja": "クラス",
    "kr": "클래스"
  },
  "browse for an image": {
    "en": "browse for an image",
    "cn": "浏览图像",
    "ja": "画像を参照",
    "kr": "이미지 찾기"
  },
  "or": {
    "en": "or",
    "cn": "或",
    "ja": "または",
    "kr": "또는"
  },
  "drop an image here": {
    "en": "drop an image here",
    "cn": "拖放一张图像至此",
    "ja": "ここに画像をドロップ",
    "kr": "여기로 이미지를 끌어오세요"
  },
  "upload": {
    "en": "upload",
    "cn": "上传",
    "ja": "アップロード",
    "kr": "업로드"
  },
  "uploading image": {
    "en": "uploading image",
    "cn": "上传图片",
    "ja": "画像アップロード中",
    "kr": "이미지 업로드 중"
  },
  "block": {
    "en": "block",
    "cn": "块",
    "ja": "ブロック",
    "kr": "블록"
  },
  "align": {
    "en": "align",
    "cn": "对齐",
    "ja": "配置",
    "kr": "정렬"
  },
  "default": {
    "en": "default",
    "cn": "预设",
    "ja": "既定",
    "kr": "기본값"
  },
  "circle": {
    "en": "circle",
    "cn": "空心圆",
    "ja": "丸",
    "kr": "동그라미"
  },
  "disc": {
    "en": "disc",
    "cn": "实心圆",
    "ja": "黒丸",
    "kr": "디스크"
  },
  "square": {
    "en": "square",
    "cn": "实心方块",
    "ja": "四角",
    "kr": "네모"
  },
  "lower alpha": {
    "en": "lower alpha",
    "cn": "小写英文字母",
    "ja": "小文字アルファベット",
    "kr": "알파벳 소문자"
  },
  "lower greek": {
    "en": "lower greek",
    "cn": "小写希腊字母",
    "ja": "小文字ギリシャ文字",
    "kr": "그리스어 소문자"
  },
  "lower roman": {
    "en": "lower roman",
    "cn": "小写罗马数字",
    "ja": "小文字ローマ字",
    "kr": "로마자 소문자"
  },
  "upper alpha": {
    "en": "upper alpha",
    "cn": "大写英文字母",
    "ja": "大文字アルファベット",
    "kr": "알파벳 대문자"
  },
  "upper roman": {
    "en": "upper roman",
    "cn": "大写罗马数字",
    "ja": "大文字ローマ字",
    "kr": "로마자 대문자"
  },
  "anchor...": {
    "en": "anchor...",
    "cn": "锚点...",
    "ja": "アンカー...",
    "kr": "앵커..."
  },
  "anchor": {
    "en": "anchor",
    "cn": "锚点",
    "ja": "アンカー",
    "kr": "링크 지점"
  },
  "name": {
    "en": "name",
    "cn": "名称",
    "ja": "名前",
    "kr": "이름"
  },
  "id": {
    "en": "id",
    "cn": "ID",
    "ja": "ID",
    "kr": "ID"
  },
  "id should start with a letter, followed only by letters, numbers, dashes, dots, colons or underscores.": {
    "en": "id should start with a letter, followed only by letters, numbers, dashes, dots, colons or underscores.",
    "cn": "ID应该以英文字母开头，后面只能有英文字母、数字、破折号、点、冒号或下划线。",
    "ja": "IDは文字で始まり、その後に文字、数字、ダッシュ、ピリオド、コロン、またはアンダースコアが続く必要があります。",
    "kr": "ID는 문자로 시작해야 하며, 그 다음에는 문자, 숫자, 대시, 구두점, 콜론, 밑줄 문자가 올 수 있습니다."
  },
  "you have unsaved changes are you sure you want to navigate away?": {
    "en": "you have unsaved changes are you sure you want to navigate away?",
    "cn": "你还有文档尚未保存，确定要离开？",
    "ja": "まだ保存していない変更があります。このページを離れますか？",
    "kr": "저장하지 않은 정보가 있습니다. 이 페이지를 나가시겠습니까?"
  },
  "restore last draft": {
    "en": "restore last draft",
    "cn": "恢复上次的草稿",
    "ja": "前回の下書きを回復",
    "kr": "마지막 초안 복원"
  },
  "special character...": {
    "en": "special character...",
    "cn": "特殊字符...",
    "ja": "特殊文字...",
    "kr": "특수 문자..."
  },
  "special character": {
    "en": "special character",
    "cn": "特殊字符",
    "ja": "特殊文字",
    "kr": "특수 문자"
  },
  "source code": {
    "en": "source code",
    "cn": "源代码",
    "ja": "ソースコード",
    "kr": "소스코드"
  },
  "insert/edit code sample": {
    "en": "insert/edit code sample",
    "cn": "插入/编辑代码示例",
    "ja": "コードサンプルの挿入/編集",
    "kr": "코드 샘플 삽입/편집"
  },
  "language": {
    "en": "language",
    "cn": "语言",
    "ja": "言語",
    "kr": "언어"
  },
  "code sample...": {
    "en": "code sample...",
    "cn": "示例代码...",
    "ja": "コードのサンプル...",
    "kr": "코드 샘플..."
  },
  "left to right": {
    "en": "left to right",
    "cn": "由左到右",
    "ja": "左から右",
    "kr": "왼쪽에서 오른쪽"
  },
  "right to left": {
    "en": "right to left",
    "cn": "由右到左",
    "ja": "右から左",
    "kr": "오른쪽에서 왼쪽"
  },
  "title": {
    "en": "title",
    "cn": "标题",
    "ja": "タイトル",
    "kr": "제목"
  },
  "fullscreen": {
    "en": "fullscreen",
    "cn": "全屏",
    "ja": "フルスクリーン",
    "kr": "전체 화면"
  },
  "action": {
    "en": "action",
    "cn": "动作",
    "ja": "アクション",
    "kr": "작업"
  },
  "shortcut": {
    "en": "shortcut",
    "cn": "快捷方式",
    "ja": "ショートカット",
    "kr": "바로가기"
  },
  "help": {
    "en": "help",
    "cn": "帮助",
    "ja": "ヘルプ",
    "kr": "도움말"
  },
  "address": {
    "en": "address",
    "cn": "地址",
    "ja": "アドレス",
    "kr": "주소"
  },
  "focus to menubar": {
    "en": "focus to menubar",
    "cn": "移动焦点到菜单栏",
    "ja": "メニューバーにフォーカス",
    "kr": "메뉴바에 강조표시"
  },
  "focus to toolbar": {
    "en": "focus to toolbar",
    "cn": "移动焦点到工具栏",
    "ja": "ツールバーにフォーカス",
    "kr": "툴바에 강조표시"
  },
  "focus to element path": {
    "en": "focus to element path",
    "cn": "移动焦点到元素路径",
    "ja": "要素パスにフォーカス",
    "kr": "요소 경로에 강조표시"
  },
  "focus to contextual toolbar": {
    "en": "focus to contextual toolbar",
    "cn": "移动焦点到上下文菜单",
    "ja": "コンテキストツールバーにフォーカス",
    "kr": "컨텍스트 툴바에 강조표시"
  },
  "insert link (if link plugin activated)": {
    "en": "insert link (if link plugin activated)",
    "cn": "插入链接 (如果链接插件已激活)",
    "ja": "リンクを挿入 (リンクプラグイン有効時)",
    "kr": "링크 삽입 (link 플러그인이 활성화된 경우)"
  },
  "save (if save plugin activated)": {
    "en": "save (if save plugin activated)",
    "cn": "保存(如果保存插件已激活)",
    "ja": "保存 (保存プラグイン有効時)",
    "kr": "저장 (save 플러그인이 활성화된 경우)"
  },
  "find (if searchreplace plugin activated)": {
    "en": "find (if searchreplace plugin activated)",
    "cn": "查找(如果查找替换插件已激活)",
    "ja": "検索 (置換プラグイン有効時)",
    "kr": "찾기 (searchreplace 플러그인이 활성화된 경우)"
  },
  "plugins installed ({0}):": {
    "en": "plugins installed ({0}):",
    "cn": "已安装插件 ({0}):",
    "ja": "インストール済プラグイン ({0})：",
    "kr": "설치된 플러그인({0}):"
  },
  "premium plugins:": {
    "en": "premium plugins:",
    "cn": "优秀插件：",
    "ja": "プレミアムプラグイン：",
    "kr": "프리미엄 플러그인:"
  },
  "learn more...": {
    "en": "learn more...",
    "cn": "了解更多...",
    "ja": "詳細...",
    "kr": "좀 더 살펴보기..."
  },
  "you are using {0}": {
    "en": "you are using {0}",
    "cn": "你正在使用 {0}",
    "ja": "{0}を使用中",
    "kr": "{0} 사용 중"
  },
  "plugins": {
    "en": "plugins",
    "cn": "插件",
    "ja": "プラグイン",
    "kr": "플러그인"
  },
  "handy shortcuts": {
    "en": "handy shortcuts",
    "cn": "快捷键",
    "ja": "便利なショートカット",
    "kr": "유용한 단축키"
  },
  "horizontal line": {
    "en": "horizontal line",
    "cn": "水平分割线",
    "ja": "水平罫線",
    "kr": "수평선"
  },
  "insert/edit image": {
    "en": "insert/edit image",
    "cn": "插入/编辑图片",
    "ja": "画像の挿入/編集",
    "kr": "이미지 삽입/편집"
  },
  "alternative description": {
    "en": "alternative description",
    "cn": "替代描述",
    "ja": "代替の説明文",
    "kr": "대체 설명문"
  },
  "accessibility": {
    "en": "accessibility",
    "cn": "辅助功能",
    "ja": "アクセシビリティ",
    "kr": "접근성"
  },
  "image is decorative": {
    "en": "image is decorative",
    "cn": "图像是装饰性的",
    "ja": "画像は装飾画像",
    "kr": "이미지 장식 가능"
  },
  "source": {
    "en": "source",
    "cn": "源",
    "ja": "ソース",
    "kr": "소스"
  },
  "dimensions": {
    "en": "dimensions",
    "cn": "尺寸",
    "ja": "サイズ",
    "kr": "크기"
  },
  "constrain proportions": {
    "en": "constrain proportions",
    "cn": "保持比例",
    "ja": "縦横比を固定",
    "kr": "비율 고정"
  },
  "general": {
    "en": "general",
    "cn": "一般",
    "ja": "一般",
    "kr": "일반"
  },
  "advanced": {
    "en": "advanced",
    "cn": "高级",
    "ja": "詳細",
    "kr": "상세"
  },
  "style": {
    "en": "style",
    "cn": "样式",
    "ja": "スタイル",
    "kr": "스타일"
  },
  "vertical space": {
    "en": "vertical space",
    "cn": "垂直间距",
    "ja": "上下余白",
    "kr": "상하 여백"
  },
  "horizontal space": {
    "en": "horizontal space",
    "cn": "水平间距",
    "ja": "左右余白",
    "kr": "좌우 여백"
  },
  "border": {
    "en": "border",
    "cn": "框线",
    "ja": "ボーダー",
    "kr": "테두리"
  },
  "insert image": {
    "en": "insert image",
    "cn": "插入图片",
    "ja": "画像の挿入",
    "kr": "이미지 삽입"
  },
  "image...": {
    "en": "image...",
    "cn": "图片...",
    "ja": "画像..",
    "kr": "이미지..."
  },
  "image list": {
    "en": "image list",
    "cn": "图片清单",
    "ja": "画像リスト",
    "kr": "이미지 목록"
  },
  "resize": {
    "en": "resize",
    "cn": "调整大小",
    "ja": "サイズ変更",
    "kr": "크기 조절"
  },
  "insert date/time": {
    "en": "insert date/time",
    "cn": "插入日期/时间",
    "ja": "日付/時刻の挿入",
    "kr": "날짜/시간 삽입"
  },
  "date/time": {
    "en": "date/time",
    "cn": "日期/时间",
    "ja": "日付/時刻",
    "kr": "날짜/시간"
  },
  "insert/edit link": {
    "en": "insert/edit link",
    "cn": "插入/编辑链接",
    "ja": "リンクの挿入/編集",
    "kr": "링크 삽입/편집"
  },
  "text to display": {
    "en": "text to display",
    "cn": "要显示的文本",
    "ja": "表示するテキスト",
    "kr": "표시할 텍스트"
  },
  "url": {
    "en": "url",
    "cn": "地址",
    "ja": "URL",
    "kr": "URL"
  },
  "open link in...": {
    "en": "open link in...",
    "cn": "链接打开位置...",
    "ja": "リンクの開き方...",
    "kr": "...에서 링크 열기"
  },
  "current window": {
    "en": "current window",
    "cn": "当前窗口",
    "ja": "同じウィンドウ",
    "kr": "현재 창"
  },
  "none": {
    "en": "none",
    "cn": "无",
    "ja": "なし",
    "kr": "없음"
  },
  "new window": {
    "en": "new window",
    "cn": "新窗口",
    "ja": "新規ウィンドウ",
    "kr": "새 창"
  },
  "open link": {
    "en": "open link",
    "cn": "打开链接",
    "ja": "リンクを開く",
    "kr": "링크 열기"
  },
  "remove link": {
    "en": "remove link",
    "cn": "移除链接",
    "ja": "リンクの削除",
    "kr": "링크 제거"
  },
  "anchors": {
    "en": "anchors",
    "cn": "锚点",
    "ja": "アンカー",
    "kr": "앵커"
  },
  "link...": {
    "en": "link...",
    "cn": "链接...",
    "ja": "リンク...",
    "kr": "링크..."
  },
  "paste or type a link": {
    "en": "paste or type a link",
    "cn": "粘贴或输入链接",
    "ja": "リンクをペーストまたは入力",
    "kr": "링크를 붙여넣거나 입력하십시오."
  },
  "the url you entered seems to be an email address. do you want to add the required mailto: prefix?": {
    "en": "the url you entered seems to be an email address. do you want to add the required mailto: prefix?",
    "cn": "你所填写的URL地址为邮件地址，需要加上mailto: 前缀吗？",
    "ja": "入力されたURLはメールアドレスのようです。「mailto:」プレフィックスを追加しますか？",
    "kr": "입력하신 URL이 이메일 주소인 것 같습니다. \"mailto:\" 접두사를 추가하시겠습니까?"
  },
  "the url you entered seems to be an external link. do you want to add the required http:// prefix?": {
    "en": "the url you entered seems to be an external link. do you want to add the required http:// prefix?",
    "cn": "你所填写的URL地址属于外部链接，需要加上http:// 前缀吗？",
    "ja": "入力されたURLは外部リンクのようです。「http://」プレフィックスを追加しますか？",
    "kr": "입력하신 URL이 외부 링크인 것 같습니다. \"http://\" 접두사를 추가하시겠습니까?"
  },
  "the url you entered seems to be an external link. do you want to add the required https:// prefix?": {
    "en": "the url you entered seems to be an external link. do you want to add the required https:// prefix?",
    "cn": "您输入的 URL 似乎是一个外部链接。您想添加所需的 https:// 前缀吗？",
    "ja": "入力されたURLは外部リンクのようです。必要な「https://」プレフィックスを追加しますか？",
    "kr": "입력하신 URL이 외부 링크인 것 같습니다. \"https://\" 접두사를 추가하시겠습니까?"
  },
  "link list": {
    "en": "link list",
    "cn": "链接清单",
    "ja": "リンクの一覧",
    "kr": "링크 목록"
  },
  "insert video": {
    "en": "insert video",
    "cn": "插入视频",
    "ja": "動画の挿入",
    "kr": "비디오 삽입"
  },
  "insert/edit video": {
    "en": "insert/edit video",
    "cn": "插入/编辑视频",
    "ja": "動画の挿入/編集",
    "kr": "비디오 삽입/편집"
  },
  "insert/edit media": {
    "en": "insert/edit media",
    "cn": "插入/编辑媒体",
    "ja": "メディアの挿入/編集",
    "kr": "미디어 삽입/편집"
  },
  "alternative source": {
    "en": "alternative source",
    "cn": "镜像",
    "ja": "代替ソース",
    "kr": "대체 소스"
  },
  "alternative source url": {
    "en": "alternative source url",
    "cn": "替代来源网址",
    "ja": "代替ソースURL",
    "kr": "대체 소스 URL"
  },
  "media poster (image url)": {
    "en": "media poster (image url)",
    "cn": "封面(图片地址)",
    "ja": "メディアポスター (画像URL)",
    "kr": "미디어 포스터 (이미지 URL)"
  },
  "paste your embed code below:": {
    "en": "paste your embed code below:",
    "cn": "将内嵌代码粘贴在下面:",
    "ja": "埋め込み用コードを以下に貼り付けてください。",
    "kr": "삽입할 코드를 아래에 붙여 넣어주세요."
  },
  "embed": {
    "en": "embed",
    "cn": "内嵌",
    "ja": "埋め込み",
    "kr": "삽입"
  },
  "media...": {
    "en": "media...",
    "cn": "多媒体...",
    "ja": "メディア…",
    "kr": "미디어..."
  },
  "nonbreaking space": {
    "en": "nonbreaking space",
    "cn": "不间断空格",
    "ja": "固定スペース",
    "kr": "띄어쓰기"
  },
  "page break": {
    "en": "page break",
    "cn": "分页符",
    "ja": "ページ区切り",
    "kr": "페이지 구분자"
  },
  "paste as text": {
    "en": "paste as text",
    "cn": "粘贴为文本",
    "ja": "テキストとして貼り付け",
    "kr": "텍스트로 붙여넣기"
  },
  "preview": {
    "en": "preview",
    "cn": "预览",
    "ja": "プレビュー",
    "kr": "미리 보기"
  },
  "print": {
    "en": "print",
    "cn": "打印",
    "ja": "印刷",
    "kr": "인쇄"
  },
  "print...": {
    "en": "print...",
    "cn": "打印...",
    "ja": "印刷...",
    "kr": "인쇄..."
  },
  "save": {
    "en": "save",
    "cn": "保存",
    "ja": "保存",
    "kr": "저장"
  },
  "find": {
    "en": "find",
    "cn": "寻找",
    "ja": "検索...",
    "kr": "찾기"
  },
  "replace with": {
    "en": "replace with",
    "cn": "替换为",
    "ja": "置換後の文字列",
    "kr": "다음으로 바꾸기:"
  },
  "replace": {
    "en": "replace",
    "cn": "替换",
    "ja": "置換",
    "kr": "바꾸기"
  },
  "replace all": {
    "en": "replace all",
    "cn": "替换全部",
    "ja": "すべて置換",
    "kr": "모두 바꾸기"
  },
  "previous": {
    "en": "previous",
    "cn": "上一个",
    "ja": "前へ",
    "kr": "이전"
  },
  "next": {
    "en": "next",
    "cn": "下一个",
    "ja": "次へ",
    "kr": "다음"
  },
  "find and replace": {
    "en": "find and replace",
    "cn": "查找和替换",
    "ja": "検索と置換",
    "kr": "찾기 및 바꾸기"
  },
  "find and replace...": {
    "en": "find and replace...",
    "cn": "查找并替换...",
    "ja": "置換...",
    "kr": "찾기 및 바꾸기..."
  },
  "could not find the specified string.": {
    "en": "could not find the specified string.",
    "cn": "未找到搜索内容。",
    "ja": "お探しの文字列が見つかりませんでした。",
    "kr": "지정한 문자를 찾을 수 없습니다."
  },
  "match case": {
    "en": "match case",
    "cn": "大小写匹配",
    "ja": "大文字と小文字を区別",
    "kr": "대/소문자 구분"
  },
  "find whole words only": {
    "en": "find whole words only",
    "cn": "全字匹配",
    "ja": "語全体を含むもののみ検索",
    "kr": "모두 일치하는 단어 찾기"
  },
  "find in selection": {
    "en": "find in selection",
    "cn": "在选区中查找",
    "ja": "選択部分で検索",
    "kr": "선택된 부분에서 검색"
  },
  "insert table": {
    "en": "insert table",
    "cn": "插入表格",
    "ja": "表の挿入",
    "kr": "표 삽입"
  },
  "table properties": {
    "en": "table properties",
    "cn": "表格属性",
    "ja": "テーブルのプロパティ",
    "kr": "표 속성"
  },
  "delete table": {
    "en": "delete table",
    "cn": "删除表格",
    "ja": "テーブルの削除",
    "kr": "표 삭제"
  },
  "cell": {
    "en": "cell",
    "cn": "单元格",
    "ja": "セル",
    "kr": "셀"
  },
  "row": {
    "en": "row",
    "cn": "行",
    "ja": "行",
    "kr": "행"
  },
  "column": {
    "en": "column",
    "cn": "栏目",
    "ja": "列",
    "kr": "열"
  },
  "cell properties": {
    "en": "cell properties",
    "cn": "单元格属性",
    "ja": "セルのプロパティ",
    "kr": "셀 속성"
  },
  "merge cells": {
    "en": "merge cells",
    "cn": "合并单元格",
    "ja": "セルの結合",
    "kr": "셀 병합"
  },
  "split cell": {
    "en": "split cell",
    "cn": "拆分单元格",
    "ja": "セルの分割",
    "kr": "셀 분할"
  },
  "insert row before": {
    "en": "insert row before",
    "cn": "在上方插入行",
    "ja": "前に行を挿入",
    "kr": "이전에 행 삽입"
  },
  "insert row after": {
    "en": "insert row after",
    "cn": "在下方插入行",
    "ja": "後に行を挿入",
    "kr": "다음에 행 삽입"
  },
  "delete row": {
    "en": "delete row",
    "cn": "删除行",
    "ja": "行の削除",
    "kr": "행 삭제"
  },
  "row properties": {
    "en": "row properties",
    "cn": "行属性",
    "ja": "行のプロパティ",
    "kr": "행 속성"
  },
  "cut row": {
    "en": "cut row",
    "cn": "剪切行",
    "ja": "行の切り取り",
    "kr": "행 잘라내기"
  },
  "cut column": {
    "en": "cut column",
    "cn": "剪切列",
    "ja": "列をカット",
    "kr": "열 잘라내기"
  },
  "copy row": {
    "en": "copy row",
    "cn": "复制行",
    "ja": "行のコピー",
    "kr": "행 복사"
  },
  "copy column": {
    "en": "copy column",
    "cn": "复制列",
    "ja": "列をコピー",
    "kr": "열 복사"
  },
  "paste row before": {
    "en": "paste row before",
    "cn": "粘贴行到上方",
    "ja": "上側に行を貼り付け",
    "kr": "이전에 행 붙여넣기"
  },
  "paste column before": {
    "en": "paste column before",
    "cn": "粘贴此列前",
    "ja": "前に列を貼り付け",
    "kr": "이전에 열 붙여넣기"
  },
  "paste row after": {
    "en": "paste row after",
    "cn": "粘贴行到下方",
    "ja": "下側に行を貼り付け",
    "kr": "다음에 행 붙여넣기"
  },
  "paste column after": {
    "en": "paste column after",
    "cn": "粘贴后面的列",
    "ja": "後に列を貼り付け",
    "kr": "다음에 열 붙여넣기"
  },
  "insert column before": {
    "en": "insert column before",
    "cn": "在左侧插入列",
    "ja": "前に列を挿入",
    "kr": "이전에 열 삽입"
  },
  "insert column after": {
    "en": "insert column after",
    "cn": "在右侧插入列",
    "ja": "後に列を挿入",
    "kr": "다음에 열 삽입"
  },
  "delete column": {
    "en": "delete column",
    "cn": "删除列",
    "ja": "列の削除",
    "kr": "열 삭제"
  },
  "cols": {
    "en": "cols",
    "cn": "列",
    "ja": "列数",
    "kr": "열 수"
  },
  "rows": {
    "en": "rows",
    "cn": "行数",
    "ja": "行数",
    "kr": "행 수"
  },
  "width": {
    "en": "width",
    "cn": "宽度",
    "ja": "幅",
    "kr": "너비"
  },
  "height": {
    "en": "height",
    "cn": "高度",
    "ja": "高さ",
    "kr": "높이"
  },
  "cell spacing": {
    "en": "cell spacing",
    "cn": "单元格外间距",
    "ja": "セルの間隔",
    "kr": "셀 간격"
  },
  "cell padding": {
    "en": "cell padding",
    "cn": "单元格内边距",
    "ja": "セル内のスペース",
    "kr": "셀 안쪽 여백"
  },
  "row clipboard actions": {
    "en": "row clipboard actions",
    "cn": "行剪贴板操作",
    "ja": "行のクリップボードアクション",
    "kr": "행 클립보드 동작"
  },
  "column clipboard actions": {
    "en": "column clipboard actions",
    "cn": "列剪贴板操作",
    "ja": "列のクリップボードアクション",
    "kr": "열 클립보드 동작"
  },
  "table styles": {
    "en": "table styles",
    "cn": "表格样式",
    "ja": "テーブルの種類",
    "kr": "표 모양"
  },
  "cell styles": {
    "en": "cell styles",
    "cn": "单元格样式",
    "ja": "セルの種類",
    "kr": "셀 모양"
  },
  "column header": {
    "en": "column header",
    "cn": "列标题",
    "ja": "列のヘッダー",
    "kr": "열 제목"
  },
  "row header": {
    "en": "row header",
    "cn": "行头",
    "ja": "行のヘッダー",
    "kr": "행 제목"
  },
  "table caption": {
    "en": "table caption",
    "cn": "表格标题",
    "ja": "テーブルの見出し",
    "kr": "표 캡션"
  },
  "caption": {
    "en": "caption",
    "cn": "标题",
    "ja": "キャプション",
    "kr": "캡션"
  },
  "show caption": {
    "en": "show caption",
    "cn": "显示标题",
    "ja": "キャプションの表示",
    "kr": "캡션 표시"
  },
  "left": {
    "en": "left",
    "cn": "左",
    "ja": "左揃え",
    "kr": "왼쪽 맞춤"
  },
  "center": {
    "en": "center",
    "cn": "居中",
    "ja": "中央揃え",
    "kr": "가운데 맞춤"
  },
  "right": {
    "en": "right",
    "cn": "右",
    "ja": "右揃え",
    "kr": "오른쪽 맞춤"
  },
  "cell type": {
    "en": "cell type",
    "cn": "储存格别",
    "ja": "セルの種類",
    "kr": "셀 유형"
  },
  "scope": {
    "en": "scope",
    "cn": "范围",
    "ja": "スコープ",
    "kr": "범위"
  },
  "alignment": {
    "en": "alignment",
    "cn": "对齐",
    "ja": "配置",
    "kr": "정렬"
  },
  "horizontal align": {
    "en": "horizontal align",
    "cn": "水平对齐",
    "ja": "水平に整列",
    "kr": "수평 정렬"
  },
  "vertical align": {
    "en": "vertical align",
    "cn": "垂直对齐",
    "ja": "垂直に整列",
    "kr": "수직 정렬"
  },
  "top": {
    "en": "top",
    "cn": "上方对齐",
    "ja": "上揃え",
    "kr": "위쪽 맞춤"
  },
  "middle": {
    "en": "middle",
    "cn": "居中对齐",
    "ja": "中央揃え",
    "kr": "가운데 맞춤"
  },
  "bottom": {
    "en": "bottom",
    "cn": "下方对齐",
    "ja": "下揃え",
    "kr": "아래 맞춤"
  },
  "header cell": {
    "en": "header cell",
    "cn": "表头单元格",
    "ja": "ヘッダーセル",
    "kr": "헤더 셀"
  },
  "row group": {
    "en": "row group",
    "cn": "行组",
    "ja": "行グループ",
    "kr": "행 그룹"
  },
  "column group": {
    "en": "column group",
    "cn": "列组",
    "ja": "列グループ",
    "kr": "열 그룹"
  },
  "row type": {
    "en": "row type",
    "cn": "行类型",
    "ja": "行タイプ",
    "kr": "행 유형"
  },
  "header": {
    "en": "header",
    "cn": "表头",
    "ja": "ヘッダー",
    "kr": "제목"
  },
  "body": {
    "en": "body",
    "cn": "表体",
    "ja": "本文",
    "kr": "본문"
  },
  "footer": {
    "en": "footer",
    "cn": "表尾",
    "ja": "フッター",
    "kr": "푸터"
  },
  "border color": {
    "en": "border color",
    "cn": "框线颜色",
    "ja": "ボーダーの色",
    "kr": "테두리 색"
  },
  "solid": {
    "en": "solid",
    "cn": "实线",
    "ja": "実線",
    "kr": "실선"
  },
  "dotted": {
    "en": "dotted",
    "cn": "点线",
    "ja": "点線",
    "kr": "점선"
  },
  "dashed": {
    "en": "dashed",
    "cn": "虚线",
    "ja": "破線",
    "kr": "파선"
  },
  "double": {
    "en": "double",
    "cn": "双精度",
    "ja": "二重線",
    "kr": "이중 실선"
  },
  "groove": {
    "en": "groove",
    "cn": "凹槽",
    "ja": "谷線",
    "kr": "입체 테두리"
  },
  "ridge": {
    "en": "ridge",
    "cn": "海脊座",
    "ja": "山線",
    "kr": "돌출 테두리"
  },
  "inset": {
    "en": "inset",
    "cn": "嵌入",
    "ja": "内線",
    "kr": "셀 함몰"
  },
  "outset": {
    "en": "outset",
    "cn": "外置",
    "ja": "外線",
    "kr": "셀 돌출"
  },
  "hidden": {
    "en": "hidden",
    "cn": "隐藏",
    "ja": "非表示",
    "kr": "숨김"
  },
  "insert template...": {
    "en": "insert template...",
    "cn": "插入模板...",
    "ja": "テンプレートの挿入..",
    "kr": "템플릿 삽입..."
  },
  "templates": {
    "en": "templates",
    "cn": "模板",
    "ja": "テンプレート",
    "kr": "템플릿"
  },
  "template": {
    "en": "template",
    "cn": "模板",
    "ja": "テンプレート",
    "kr": "템플릿"
  },
  "insert template": {
    "en": "insert template",
    "cn": "插入模板",
    "ja": "テンプレートの挿入..",
    "kr": "템플릿 삽입"
  },
  "text color": {
    "en": "text color",
    "cn": "文本颜色",
    "ja": "テキスト色",
    "kr": "글자 색"
  },
  "background color": {
    "en": "background color",
    "cn": "背景颜色",
    "ja": "背景色",
    "kr": "배경 색"
  },
  "custom...": {
    "en": "custom...",
    "cn": "自定义......",
    "ja": "ユーザー設定...",
    "kr": "사용자 지정..."
  },
  "custom color": {
    "en": "custom color",
    "cn": "自定义颜色",
    "ja": "ユーザー設定の色",
    "kr": "사용자 지정 색"
  },
  "no color": {
    "en": "no color",
    "cn": "无",
    "ja": "色なし",
    "kr": "색 없음"
  },
  "remove color": {
    "en": "remove color",
    "cn": "移除颜色",
    "ja": "色設定を解除",
    "kr": "색 제거"
  },
  "show blocks": {
    "en": "show blocks",
    "cn": "显示区块边框",
    "ja": "文章の区切りを点線で表示",
    "kr": "블록 표시"
  },
  "show invisible characters": {
    "en": "show invisible characters",
    "cn": "显示不可见字符",
    "ja": "非表示文字を表示",
    "kr": "비표시 문자 표시"
  },
  "word count": {
    "en": "word count",
    "cn": "字数",
    "ja": "文字数カウント",
    "kr": "문자 수"
  },
  "count": {
    "en": "count",
    "cn": "计数",
    "ja": "カウント",
    "kr": "개수"
  },
  "document": {
    "en": "document",
    "cn": "文档",
    "ja": "ドキュメント",
    "kr": "문서"
  },
  "selection": {
    "en": "selection",
    "cn": "选择",
    "ja": "選択",
    "kr": "선택"
  },
  "words": {
    "en": "words",
    "cn": "单词",
    "ja": "単語数",
    "kr": "단어 수"
  },
  "words: {0}": {
    "en": "words: {0}",
    "cn": "字数：{0}",
    "ja": "単語数：{0}",
    "kr": "단어 수: {0}"
  },
  "{0} words": {
    "en": "{0} words",
    "cn": "{0} 字",
    "ja": "{0}語",
    "kr": "{0}개의 단어"
  },
  "file": {
    "en": "file",
    "cn": "文件",
    "ja": "ファイル",
    "kr": "파일"
  },
  "edit": {
    "en": "edit",
    "cn": "编辑",
    "ja": "編集",
    "kr": "편집"
  },
  "insert": {
    "en": "insert",
    "cn": "插入",
    "ja": "挿入",
    "kr": "삽입"
  },
  "view": {
    "en": "view",
    "cn": "查看",
    "ja": "表示",
    "kr": "보기"
  },
  "format": {
    "en": "format",
    "cn": "格式",
    "ja": "書式設定",
    "kr": "서식"
  },
  "table": {
    "en": "table",
    "cn": "表格",
    "ja": "表",
    "kr": "표"
  },
  "tools": {
    "en": "tools",
    "cn": "工具",
    "ja": "ツール",
    "kr": "도구"
  },
  "powered by {0}": {
    "en": "powered by {0}",
    "cn": "由{0}驱动",
    "ja": "{0} によって搭載された",
    "kr": "{0}에서 지원"
  },
  "rich text area. press alt-f9 for menu. press alt-f10 for toolbar. press alt-0 for help": {
    "en": "rich text area. press alt-f9 for menu. press alt-f10 for toolbar. press alt-0 for help",
    "cn": "编辑区。按ALT-F9打开菜单，按ALT-F10打开工具栏，按ALT-0查看帮助",
    "ja": "リッチテキストエリア。ALT-F9でメニュー、ALT-F10でツールバー、ALT-0でヘルプが表示されます。",
    "kr": "서식 있는 텍스트 영역. ALT-F9를 누르면 메뉴, ALT-F10을 누르면 툴바, ALT-0을 누르면 도움말을 볼 수 있습니다."
  },
  "image title": {
    "en": "image title",
    "cn": "图片标题",
    "ja": "画像タイトル",
    "kr": "이미지 제목"
  },
  "border width": {
    "en": "border width",
    "cn": "边框宽度",
    "ja": "枠線幅",
    "kr": "테두리 두께"
  },
  "border style": {
    "en": "border style",
    "cn": "边框样式",
    "ja": "枠線スタイル",
    "kr": "테두리 스타일"
  },
  "error": {
    "en": "error",
    "cn": "错误",
    "ja": "エラー",
    "kr": "오류"
  },
  "warn": {
    "en": "warn",
    "cn": "警告",
    "ja": "警告",
    "kr": "경고"
  },
  "valid": {
    "en": "valid",
    "cn": "有效",
    "ja": "有効",
    "kr": "유효함"
  },
  "to open the popup, press shift+enter": {
    "en": "to open the popup, press shift+enter",
    "cn": "按Shitf+Enter键打开对话框",
    "ja": "ポップアップを開くには、Shift+Enterを押してください",
    "kr": "팝업을 열려면 Shift+Enter를 누르십시오."
  },
  "rich text area": {
    "en": "rich text area",
    "cn": "富文本区域",
    "ja": "リッチテキストエリア",
    "kr": "서식 텍스트 영역"
  },
  "rich text area. press alt-0 for help.": {
    "en": "rich text area. press alt-0 for help.",
    "cn": "编辑区。按Alt+0键打开帮助。",
    "ja": "リッチテキストエリア。Alt-0でヘルプが表示されます。",
    "kr": "서식 있는 텍스트 영역. ALT-0을 누르면 도움말을 볼 수 있습니다."
  },
  "system font": {
    "en": "system font",
    "cn": "系统字体",
    "ja": "システムフォント",
    "kr": "시스템 글꼴"
  },
  "failed to upload image: {0}": {
    "en": "failed to upload image: {0}",
    "cn": "图片上传失败: {0}",
    "ja": "画像{0}をアップロードできませんでした",
    "kr": "이미지 업로드 실패: {0}"
  },
  "failed to load plugin: {0} from url {1}": {
    "en": "failed to load plugin: {0} from url {1}",
    "cn": "插件加载失败: {0} 来自链接 {1}",
    "ja": "URL{1}からのプラグイン{0}の読み込みに失敗しました",
    "kr": "URL {1}로부터 플러그인 {0}을 불러오지 못했습니다."
  },
  "failed to load plugin url: {0}": {
    "en": "failed to load plugin url: {0}",
    "cn": "插件加载失败 链接: {0}",
    "ja": "プラグインのURL{0}を読み込めませんでした",
    "kr": "플러그인 URL {0}을 불러오지 못했습니다."
  },
  "failed to initialize plugin: {0}": {
    "en": "failed to initialize plugin: {0}",
    "cn": "插件初始化失败: {0}",
    "ja": "プラグイン{0}の初期化に失敗しました",
    "kr": "플러그인 {0}의 초기화가 실패했습니다"
  },
  "example": {
    "en": "example",
    "cn": "示例",
    "ja": "例",
    "kr": "예제"
  },
  "search": {
    "en": "search",
    "cn": "搜索",
    "ja": "検索",
    "kr": "검색"
  },
  "all": {
    "en": "all",
    "cn": "全部",
    "ja": "すべて",
    "kr": "모두"
  },
  "currency": {
    "en": "currency",
    "cn": "货币",
    "ja": "通貨",
    "kr": "통화"
  },
  "text": {
    "en": "text",
    "cn": "文字",
    "ja": "テキスト",
    "kr": "텍스트"
  },
  "quotations": {
    "en": "quotations",
    "cn": "引用",
    "ja": "引用",
    "kr": "인용문"
  },
  "mathematical": {
    "en": "mathematical",
    "cn": "数学",
    "ja": "数学記号",
    "kr": "수학기호"
  },
  "extended latin": {
    "en": "extended latin",
    "cn": "拉丁语扩充",
    "ja": "ラテン文字拡張",
    "kr": "확장 라틴어"
  },
  "symbols": {
    "en": "symbols",
    "cn": "符号",
    "ja": "記号",
    "kr": "기호"
  },
  "arrows": {
    "en": "arrows",
    "cn": "箭头",
    "ja": "矢印",
    "kr": "화살표"
  },
  "user defined": {
    "en": "user defined",
    "cn": "自定义",
    "ja": "ユーザー定義",
    "kr": "사용자 정의"
  },
  "dollar sign": {
    "en": "dollar sign",
    "cn": "美元符号",
    "ja": "ドル記号",
    "kr": "달러 기호"
  },
  "currency sign": {
    "en": "currency sign",
    "cn": "货币符号",
    "ja": "通貨記号",
    "kr": "통화 기호"
  },
  "euro-currency sign": {
    "en": "euro-currency sign",
    "cn": "欧元符号",
    "ja": "ユーロ記号",
    "kr": "유로화 기호"
  },
  "colon sign": {
    "en": "colon sign",
    "cn": "冒号",
    "ja": "コロン記号",
    "kr": "콜론 기호"
  },
  "cruzeiro sign": {
    "en": "cruzeiro sign",
    "cn": "克鲁赛罗币符号",
    "ja": "クルゼイロ記号",
    "kr": "크루제이로 기호"
  },
  "french franc sign": {
    "en": "french franc sign",
    "cn": "法郎符号",
    "ja": "フランスフラン記号",
    "kr": "프랑스 프랑 기호"
  },
  "lira sign": {
    "en": "lira sign",
    "cn": "里拉符号",
    "ja": "リラ記号",
    "kr": "리라 기호"
  },
  "mill sign": {
    "en": "mill sign",
    "cn": "密尔符号",
    "ja": "ミル記号",
    "kr": "밀 기호"
  },
  "naira sign": {
    "en": "naira sign",
    "cn": "奈拉符号",
    "ja": "ナイラ記号",
    "kr": "나이라 기호"
  },
  "peseta sign": {
    "en": "peseta sign",
    "cn": "比塞塔符号",
    "ja": "ペセタ記号",
    "kr": "페세타 기호"
  },
  "rupee sign": {
    "en": "rupee sign",
    "cn": "卢比符号",
    "ja": "ルピー記号",
    "kr": "루피 기호"
  },
  "won sign": {
    "en": "won sign",
    "cn": "韩元符号",
    "ja": "ウォン記号",
    "kr": "원 기호"
  },
  "new sheqel sign": {
    "en": "new sheqel sign",
    "cn": "新谢克尔符号",
    "ja": "新シェケル記号",
    "kr": "뉴 세켈 기호"
  },
  "dong sign": {
    "en": "dong sign",
    "cn": "越南盾符号",
    "ja": "ドン記号",
    "kr": "동 기호"
  },
  "kip sign": {
    "en": "kip sign",
    "cn": "老挝基普符号",
    "ja": "キープ記号",
    "kr": "킵 기호"
  },
  "tugrik sign": {
    "en": "tugrik sign",
    "cn": "图格里克符号",
    "ja": "トゥグルグ記号",
    "kr": "투그리크 기호"
  },
  "drachma sign": {
    "en": "drachma sign",
    "cn": "德拉克马符号",
    "ja": "ドラクマ記号",
    "kr": "드라크마 기호"
  },
  "german penny symbol": {
    "en": "german penny symbol",
    "cn": "德国便士符号",
    "ja": "ドイツペニー記号",
    "kr": "독일 페니 기호"
  },
  "peso sign": {
    "en": "peso sign",
    "cn": "比索符号",
    "ja": "ペソ記号",
    "kr": "페소 기호"
  },
  "guarani sign": {
    "en": "guarani sign",
    "cn": "瓜拉尼符号",
    "ja": "ガラニ記号",
    "kr": "과라니 기호"
  },
  "austral sign": {
    "en": "austral sign",
    "cn": "澳元符号",
    "ja": "アウストラル記号",
    "kr": "아우스트랄 기호"
  },
  "hryvnia sign": {
    "en": "hryvnia sign",
    "cn": "格里夫尼亚符号",
    "ja": "フリヴニャ記号",
    "kr": "그리브나 기호"
  },
  "cedi sign": {
    "en": "cedi sign",
    "cn": "塞地符号",
    "ja": "セディ記号",
    "kr": "세디 기호"
  },
  "livre tournois sign": {
    "en": "livre tournois sign",
    "cn": "里弗弗尔符号",
    "ja": "トゥールポンド記号",
    "kr": "리브르 트르누아 기호"
  },
  "spesmilo sign": {
    "en": "spesmilo sign",
    "cn": "spesmilo符号",
    "ja": "スペスミーロ記号",
    "kr": "스페스밀로 기호"
  },
  "tenge sign": {
    "en": "tenge sign",
    "cn": "坚戈符号",
    "ja": "テンゲ記号",
    "kr": "텡게 기호"
  },
  "indian rupee sign": {
    "en": "indian rupee sign",
    "cn": "印度卢比",
    "ja": "インドルピー記号",
    "kr": "인도 루피 기호"
  },
  "turkish lira sign": {
    "en": "turkish lira sign",
    "cn": "土耳其里拉",
    "ja": "トルコリラ記号",
    "kr": "터키 리라 기호"
  },
  "nordic mark sign": {
    "en": "nordic mark sign",
    "cn": "北欧马克",
    "ja": "北欧マルク記号",
    "kr": "노르딕 마르크 기호"
  },
  "manat sign": {
    "en": "manat sign",
    "cn": "马纳特符号",
    "ja": "マナト記号",
    "kr": "마나트 기호"
  },
  "ruble sign": {
    "en": "ruble sign",
    "cn": "卢布符号",
    "ja": "ルーブル記号",
    "kr": "루블 기호"
  },
  "yen character": {
    "en": "yen character",
    "cn": "日元字样",
    "ja": "円記号",
    "kr": "엔 기호"
  },
  "yuan character": {
    "en": "yuan character",
    "cn": "人民币元字样",
    "ja": "人民元記号",
    "kr": "위안 기호"
  },
  "yuan character, in hong kong and taiwan": {
    "en": "yuan character, in hong kong and taiwan",
    "cn": "元字样（港台地区）",
    "ja": "香港および台湾における元記号",
    "kr": "대만 위안 기호"
  },
  "yen/yuan character variant one": {
    "en": "yen/yuan character variant one",
    "cn": "元字样（大写）",
    "ja": "円/元記号のバリエーション",
    "kr": "엔/위안 문자 변형"
  },
  "emojis": {
    "en": "emojis",
    "cn": "Emojis",
    "ja": "絵文字",
    "kr": "에모지"
  },
  "emojis...": {
    "en": "emojis...",
    "cn": "Emojis...",
    "ja": "絵文字...",
    "kr": "에모지..."
  },
  "loading emojis...": {
    "en": "loading emojis...",
    "cn": "正在加载Emojis...",
    "ja": "絵文字を読み込んでいます…",
    "kr": "에모지 불러오는 중..."
  },
  "could not load emojis": {
    "en": "could not load emojis",
    "cn": "无法加载Emojis",
    "ja": "絵文字が読み込めませんでした",
    "kr": "에모지를 불러올 수 없습니다"
  },
  "people": {
    "en": "people",
    "cn": "人类",
    "ja": "人",
    "kr": "사람"
  },
  "animals and nature": {
    "en": "animals and nature",
    "cn": "动物和自然",
    "ja": "動物と自然",
    "kr": "동물과 자연"
  },
  "food and drink": {
    "en": "food and drink",
    "cn": "食物和饮品",
    "ja": "食べ物と飲み物",
    "kr": "음식과 음료"
  },
  "activity": {
    "en": "activity",
    "cn": "活动",
    "ja": "行動",
    "kr": "활동"
  },
  "travel and places": {
    "en": "travel and places",
    "cn": "旅游和地点",
    "ja": "旅行と場所",
    "kr": "여행과 장소"
  },
  "objects": {
    "en": "objects",
    "cn": "物件",
    "ja": "物",
    "kr": "물건"
  },
  "flags": {
    "en": "flags",
    "cn": "旗帜",
    "ja": "旗",
    "kr": "깃발"
  },
  "characters": {
    "en": "characters",
    "cn": "字符",
    "ja": "文字数",
    "kr": "문자 수"
  },
  "characters (no spaces)": {
    "en": "characters (no spaces)",
    "cn": "字符(无空格)",
    "ja": "文字数 (スペースなし)",
    "kr": "문자 수 (공백 없음)"
  },
  "{0} characters": {
    "en": "{0} characters",
    "cn": "{0} 个字符",
    "ja": "{0}文字",
    "kr": "{0} 문자"
  },
  "error: form submit field collision.": {
    "en": "error: form submit field collision.",
    "cn": "错误: 表单提交字段冲突。",
    "ja": "エラー：フォーム送信フィールドが競合しています。",
    "kr": "오류: 양식 제출 필드 불일치"
  },
  "error: no form element found.": {
    "en": "error: no form element found.",
    "cn": "错误: 没有表单控件。",
    "ja": "エラー：フォーム要素が見つかりませんでした。",
    "kr": "오류: 양식 항목 없음"
  },
  "color swatch": {
    "en": "color swatch",
    "cn": "颜色样本",
    "ja": "色の見本",
    "kr": "색상 견본"
  },
  "color picker": {
    "en": "color picker",
    "cn": "选色器",
    "ja": "カラーピッカー",
    "kr": "색 선택기"
  },
  "invalid hex color code: {0}": {
    "en": "invalid hex color code: {0}",
    "cn": "十六进制颜色代码无效： {0}",
    "ja": "無効な16進カラーコード: {0}",
    "kr": "부적절한 16진수 색상 코드: {0}"
  },
  "invalid input": {
    "en": "invalid input",
    "cn": "无效输入",
    "ja": "無効な入力",
    "kr": "부적절한 입력"
  },
  "r": {
    "en": "r",
    "cn": "R",
    "ja": "赤",
    "kr": "빨강"
  },
  "red component": {
    "en": "red component",
    "cn": "红色部分",
    "ja": "赤色コンポーネント",
    "kr": "적색 요소"
  },
  "g": {
    "en": "g",
    "cn": "G",
    "ja": "緑",
    "kr": "녹색"
  },
  "green component": {
    "en": "green component",
    "cn": "绿色部分",
    "ja": "緑色コンポーネント",
    "kr": "녹색 요소"
  },
  "b": {
    "en": "b",
    "cn": "B",
    "ja": "青",
    "kr": "파랑"
  },
  "blue component": {
    "en": "blue component",
    "cn": "白色部分",
    "ja": "青色コンポーネント",
    "kr": "청색 요소"
  },
  "#": {
    "en": "#",
    "cn": "#",
    "ja": "#",
    "kr": "#"
  },
  "hex color code": {
    "en": "hex color code",
    "cn": "十六进制颜色代码",
    "ja": "16進カラーコード",
    "kr": "16진수 색상 코드"
  },
  "range 0 to 255": {
    "en": "range 0 to 255",
    "cn": "范围0至255",
    "ja": "範囲0〜255",
    "kr": "0부터 255까지의 범위"
  },
  "turquoise": {
    "en": "turquoise",
    "cn": "青绿色",
    "ja": "ターコイズ",
    "kr": "청록색"
  },
  "green": {
    "en": "green",
    "cn": "绿色",
    "ja": "グリーン",
    "kr": "초록색"
  },
  "blue": {
    "en": "blue",
    "cn": "蓝色",
    "ja": "ブルー",
    "kr": "파란색"
  },
  "purple": {
    "en": "purple",
    "cn": "紫色",
    "ja": "パープル",
    "kr": "보라색"
  },
  "navy blue": {
    "en": "navy blue",
    "cn": "海军蓝",
    "ja": "ネイビー",
    "kr": "남색"
  },
  "dark turquoise": {
    "en": "dark turquoise",
    "cn": "深蓝绿色",
    "ja": "ダークターコイズ",
    "kr": "진한 청록색"
  },
  "dark green": {
    "en": "dark green",
    "cn": "深绿色",
    "ja": "ダークグリーン",
    "kr": "진한 초록색"
  },
  "medium blue": {
    "en": "medium blue",
    "cn": "中蓝色",
    "ja": "メディアムブルー",
    "kr": "중간 파란색"
  },
  "medium purple": {
    "en": "medium purple",
    "cn": "中紫色",
    "ja": "ミディアムパープル",
    "kr": "중간 보라색"
  },
  "midnight blue": {
    "en": "midnight blue",
    "cn": "深蓝色",
    "ja": "ミッドナイトブルー",
    "kr": "진한 파란색"
  },
  "yellow": {
    "en": "yellow",
    "cn": "黄色",
    "ja": "イエロー",
    "kr": "노란색"
  },
  "orange": {
    "en": "orange",
    "cn": "橙色",
    "ja": "オレンジ",
    "kr": "주황색"
  },
  "red": {
    "en": "red",
    "cn": "红色",
    "ja": "レッド",
    "kr": "빨간색"
  },
  "light gray": {
    "en": "light gray",
    "cn": "浅灰色",
    "ja": "ライトグレー",
    "kr": "밝은 회색"
  },
  "gray": {
    "en": "gray",
    "cn": "灰色",
    "ja": "グレー",
    "kr": "회색"
  },
  "dark yellow": {
    "en": "dark yellow",
    "cn": "暗黄色",
    "ja": "ダークイエロー",
    "kr": "진한 노란색"
  },
  "dark orange": {
    "en": "dark orange",
    "cn": "深橙色",
    "ja": "ダークオレンジ",
    "kr": "진한 주황색"
  },
  "dark red": {
    "en": "dark red",
    "cn": "深红色",
    "ja": "ダークレッド",
    "kr": "진한 빨간색"
  },
  "medium gray": {
    "en": "medium gray",
    "cn": "中灰色",
    "ja": "ミディアムグレー",
    "kr": "중간 회색"
  },
  "dark gray": {
    "en": "dark gray",
    "cn": "深灰色",
    "ja": "ダークグレー",
    "kr": "진한 회색"
  },
  "light green": {
    "en": "light green",
    "cn": "浅绿色",
    "ja": "ライトグリーン",
    "kr": "밝은 녹색"
  },
  "light yellow": {
    "en": "light yellow",
    "cn": "浅黄色",
    "ja": "ライトイエロー",
    "kr": "밝은 노란색"
  },
  "light red": {
    "en": "light red",
    "cn": "浅红色",
    "ja": "ライトレッド",
    "kr": "밝은 빨간색"
  },
  "light purple": {
    "en": "light purple",
    "cn": "浅紫色",
    "ja": "ライトパープル",
    "kr": "밝은 보라색"
  },
  "light blue": {
    "en": "light blue",
    "cn": "浅蓝色",
    "ja": "ライトブルー",
    "kr": "밝은 파란색"
  },
  "dark purple": {
    "en": "dark purple",
    "cn": "深紫色",
    "ja": "ダークパープル",
    "kr": "진한 보라색"
  },
  "dark blue": {
    "en": "dark blue",
    "cn": "深蓝色",
    "ja": "ダークブルー",
    "kr": "진한 파란색"
  },
  "black": {
    "en": "black",
    "cn": "黑色",
    "ja": "ブラック",
    "kr": "검은색"
  },
  "white": {
    "en": "white",
    "cn": "白色",
    "ja": "ホワイト",
    "kr": "흰색"
  },
  "switch to or from fullscreen mode": {
    "en": "switch to or from fullscreen mode",
    "cn": "切换全屏模式",
    "ja": "フルスクリーンモード切替",
    "kr": "전체 화면 모드 전환"
  },
  "open help dialog": {
    "en": "open help dialog",
    "cn": "打开帮助对话框",
    "ja": "ヘルプダイアログを開く",
    "kr": "도움말 다이얼로그 열기"
  },
  "history": {
    "en": "history",
    "cn": "历史",
    "ja": "履歴",
    "kr": "이력"
  },
  "styles": {
    "en": "styles",
    "cn": "样式",
    "ja": "スタイル",
    "kr": "스타일"
  },
  "formatting": {
    "en": "formatting",
    "cn": "格式化",
    "ja": "書式",
    "kr": "서식"
  },
  "indentation": {
    "en": "indentation",
    "cn": "缩进",
    "ja": "インデント",
    "kr": "들여쓰기"
  },
  "font": {
    "en": "font",
    "cn": "字体",
    "ja": "フォント",
    "kr": "글꼴"
  },
  "size": {
    "en": "size",
    "cn": "字号",
    "ja": "サイズ",
    "kr": "크기"
  },
  "more...": {
    "en": "more...",
    "cn": "更多...",
    "ja": "詳細...",
    "kr": "더 보기..."
  },
  "select...": {
    "en": "select...",
    "cn": "选择...",
    "ja": "選択...",
    "kr": "선택..."
  },
  "preferences": {
    "en": "preferences",
    "cn": "首选项",
    "ja": "プリファレンス",
    "kr": "환경설정"
  },
  "yes": {
    "en": "yes",
    "cn": "是",
    "ja": "はい",
    "kr": "네"
  },
  "no": {
    "en": "no",
    "cn": "否",
    "ja": "いいえ",
    "kr": "아니오"
  },
  "keyboard navigation": {
    "en": "keyboard navigation",
    "cn": "键盘指引",
    "ja": "キーボードナビゲーション",
    "kr": "단축키"
  },
  "version": {
    "en": "version",
    "cn": "版本",
    "ja": "バージョン",
    "kr": "버전"
  },
  "code view": {
    "en": "code view",
    "cn": "代码视图",
    "ja": "コード表示",
    "kr": "코드 표시"
  },
  "open popup menu for split buttons": {
    "en": "open popup menu for split buttons",
    "cn": "打开弹出式菜单，用于拆分按钮",
    "ja": "分割ボタンのポップアップメニューを開く",
    "kr": "분할 버튼으로 팝업 메뉴 열기"
  },
  "list properties": {
    "en": "list properties",
    "cn": "列表属性",
    "ja": "箇条書きのプロパティ",
    "kr": "항목 속성"
  },
  "list properties...": {
    "en": "list properties...",
    "cn": "标题字体属性",
    "ja": "箇条書きのプロパティ...",
    "kr": "항목 속성..."
  },
  "start list at number": {
    "en": "start list at number",
    "cn": "以数字开始列表",
    "ja": "番号リストの開始",
    "kr": "번호 리스트 시작"
  },
  "line height": {
    "en": "line height",
    "cn": "行高",
    "ja": "行の高さ",
    "kr": "행 높이"
  },
  "dropped file type is not supported": {
    "en": "dropped file type is not supported",
    "cn": "此文件类型不支持拖放",
    "ja": "ドロップされたファイルタイプはサポートされていません",
    "kr": "끌어다 놓은 파일 형식을 지원하지 않습니다"
  },
  "loading...": {
    "en": "loading...",
    "cn": "加载中...",
    "ja": "読み込んでいます...",
    "kr": "불러오는 중..."
  },
  "imageproxy http error: rejected request": {
    "en": "imageproxy http error: rejected request",
    "cn": "图片代理请求错误：请求被拒绝",
    "ja": "画像プロキシ HTTPエラー：拒否されたリクエスト",
    "kr": "ImageProxy HTTP 오류: 요청 거부"
  },
  "imageproxy http error: could not find image proxy": {
    "en": "imageproxy http error: could not find image proxy",
    "cn": "图片代理请求错误：无法找到图片代理",
    "ja": "画像プロキシ HTTPエラー：画像プロキシが見つかりませんでした",
    "kr": "ImageProxy HTTP 오류: 이미지 프록시를 찾을 수 없습니다"
  },
  "imageproxy http error: incorrect image proxy url": {
    "en": "imageproxy http error: incorrect image proxy url",
    "cn": "图片代理请求错误：图片代理地址错误",
    "ja": "画像プロキシ HTTPエラー：不正な画像プロキシURL",
    "kr": "ImageProxy HTTP 오류: 올바르지 않은 이미지 프록시 URL 주소"
  },
  "imageproxy http error: unknown imageproxy error": {
    "en": "imageproxy http error: unknown imageproxy error",
    "cn": "图片代理请求错误：未知的图片代理错误",
    "ja": "画像プロキシ HTTPエラー：不明な画像プロキシエラー",
    "kr": "ImageProxy HTTP 오류: 알 수 없는 이미지 프록시 오류"
  }
}