{
  "ReactNativeError": {
    "en": "Please use the ReactNative version of the Forguncy mobile client to execute this command.",
    "cn": "请使用ReactNative版本的手机客户端打开重试！",
    "ja": "Please use the ReactNative version of the Forguncy mobile client to execute this command.",
    "kr": "Please use the ReactNative version of the Forguncy mobile client to execute this command."
  },
  "CellLocationEmptyError": {
    "en": "Target cell cannot be empty",
    "cn": "目标单元格不能为空",
    "ja": "Target cell cannot be empty",
    "kr": "Target cell cannot be empty"
  },
  "BroadcastError": {
    "en": "The broadcast action name and broadcast key name need to be configured at the same time",
    "cn": "广播名称和键值名称需要同时配置",
    "ja": "The broadcast action name and broadcast key name need to be configured at the same time",
    "kr": "The broadcast action name and broadcast key name need to be configured at the same time"
  }
}