﻿{
  "assembly": [
    "ImageEditor.dll"
  ],
  "javascript": [
    "Resources/scripts/lib/fabric.js",
    "Resources/scripts/lib/tui-code-snippet.min.js",
    "Resources/scripts/lib/tui-color-picker.js",
    "Resources/scripts/lib/FileSaver.min.js",
    "Resources/scripts/lib/tui-image-editor.min.js",
    "Resources/scripts/lib/compressor.common.min.js",
    "Resources/dist.js"
  ],
  "css": [
    "Resources/css/tui-color-picker.css",
    "Resources/css/tui-image-editor.css",
    "Resources/css/customize.css"
  ],
  "image": "Resources/images/PluginIcon.png",
  "description": "",
  "description_ja": "画像に直接書き込みをしたり図形やテキストを配置したりすることができるセル型です。",
  "description_cn": "图片编辑插件",
  "description_kr": "이미지에 직접 쓰거나 도형이나 텍스트를 배치할 수 있는 셀유형입니다.",
  "name": "Image Editor",
  "name_ja": "画像編集",
  "name_cn": "图片编辑",
  "name_kr": "사진 편집 ",
  "pluginType": "cellType,command",
  "guid": "7B86EC35-F3C6-4BBA-9E0B-6A9FC29B6721",
  "version": "10.0.11.0",
  "dependenceVersion": "10.0.11.0",
  "bundleJavaScript": true,
  "bundleCSS": true,
  "locale": "Resources/scripts/locales/locale.json"
}