{
  "assembly": [
    "OracleWrapper.dll"
  ],
  "javascript": [],
  "css": [],
  "image": "Resources/PluginLogo.png",
  "dBDisplayOrder": 1,
  "name": "Oracle Database",
  "alias": "Oracle",
  "provider": "Oracle Data Provider for .NET Core",
  "providerShort": "OracleClient",
  "providerDesc": "Use this data provider to connect to Oracle Database.",
  "description": "Use this selection to connect to Oracle using the .NET Framework Data Provider for Oracle.",
  "name_cn": "Oracle数据库",
  "alias_cn": "Oracle",
  "provider_cn": "Oracle的.NET Framework数据提供程序",
  "providerShort_cn": "OracleClient",
  "providerDesc_cn": "使用此数据提供程序连接到Oracle 10g、11g or 12c。",
  "description_cn": "使用此选择，可通过用于Oracle的.NET Framework数据提供程序连接到Oracle。",
  "name_ja": "Oracle Database",
  "alias_ja": "Oracle",
  "provider_ja": "Oracle Data Provider for .NET Core",
  "providerShort_ja": "ODP.NET Core",
  "providerDesc_ja": "Oracle Database に接続するには、このデータ プロバイダーを使用します。",
  "description_ja": "Oracle Data Provider for .NET Core を使用して Oracle Database に接続するには、これを選択します。",
  "name_kr": "Oracle 데이터베이스",
  "alias_kr": "Oracle",
  "provider_kr": "OracleClient",
  "providerShort_kr": "OracleClient",
  "providerDesc_kr": "Use this data provider to connect to Oracle 10g, 11g or 12c.",
  "description_kr": "Use this selection to connect to Oracle using the .NET Framework Data Provider for Oracle.",
  "pluginType": "database",
  "guid": "cbdb540e-ded5-415e-b8cd-5b1dba43a89e",
  "version": "10.0.10.0",
  "dependenceVersion": "10.0.10.0"
}