﻿{
  "assembly": [
    "SnowflakeWrapper.dll"
  ],
  "javascript": [],
  "css": [],
  "image": "Resources/PluginLogo.png",
  "name": "Snowflake Database",
  "alias": "SnowflakeDB",
  "provider": "Snowflak Database .NET Data Provider",
  "providerShort": "Snowflake Database Provider",
  "providerDesc": "Use the provider to connect to the Snowflake database.",
  "description": "The Snowflake .NET driver provides an interface to the Microsoft .NET open source software framework.",
  "name_cn": "Snowflake数据库",
  "alias_cn": "SnowflakeDB",
  "provider_cn": "Snowflake数据库的.NET数据提供程序",
  "providerShort_cn": "Snowflake数据库连接器",
  "providerDesc_cn": "使用此数据提供程序连接到Snowflake数据库",
  "description_cn": "Snowflake .NET驱动程序是Microsoft提供的.NET开源软件框架。",
  "serverProperty": "account",
  "userNameProperty": "user",
  "passwordProperty": "password",
  "databaseProperty": "db",
  "schemaProperty": "schema",
  "pluginType": "database",
  "guid": "637a6546-e4f0-4319-81a5-ffed2634da99",
  "version": "10.0.13.0",
  "dependenceVersion": "10.0.11.0"
}