{
  "assembly": [
    "SleepCommand.dll"
  ],
  "javascript": [],
  "css": [],
  "image": "Resources/PluginLogo.png",
  "description": "Wait for some time.",
  "description_cn": "等待一段时间。",
  "description_ja": "次のコマンドを実行するまでの待機時間を設定します。",
  "name": "WaitCommand",
  "name_cn": "等待命令",
  "name_ja": "処理の待機",
  "description_kr": "특정 시간 동안 아무 활동도 취하지 않고 대기할 수 있도록 하는 기능을 지원하는 플로그인입니다.",
  "name_kr": "대기 명령",
  "pluginType": "command",
  "locale": "Resources/Locale.json",
  "guid": "0464b25d-bdeb-488f-b887-ff4ef27d4495",
  "version": "10.0.10.0",
  "dependenceVersion": "10.0.10.0"
}