﻿{
  "assembly": [
    "UserManagementCommandsV2.dll"
  ],
  "javascript": [],
  "css": [],
  "serverApiAssembly": [],
  "image": "Resources/user_pro.png",
  "name": "UserManagementCommands V2",
  "name_cn": "用户管理命令 V2",
  "name_ja": "ユーザー管理V2",
  "name_kr": "사용자 관리 명령 V2",
  "description": "User Management Commands V2.",
  "description_cn": "用户管理命令 V2。",
  "description_ja": "ユーザーやロール、組織などを追加／削除／編集する各コマンドを提供します。",
  "description_kr": "사용자 관리 명령 V2.",
  "pluginType": "command",
  "locale": "Resources/locale.json",
  "guid": "A37FA18E-0432-4318-9F77-EDC828CE7F09",
  "version": "10.0.10.0",
  "dependenceVersion": "10.0.10.0",
  "bundleJavaScript": true,
  "bundleCSS": true
}