﻿{
  "assembly": [
    "AzureSynapseDedicatedWrapper.dll"
  ],
  "javascript": [],
  "css": [],
  "image": "Resources/PluginLogo.png",
  "name": "Azure Synapse Analytics - Dedicated",
  "alias": "Synapse Dedicated",
  "provider": ".NET Framework Data Provider for Azure Synapse Analytics",
  "providerShort": "SqlClient",
  "providerDesc": "Use this data provider to connect to Azure Synapse Analytics.",
  "description": "Use this selection to connect to Azure Synapse Analytics using the .NET Framework Data Provider for SQL Server.",
  "name_cn": "Azure Synapse Analytics - 专用",
  "alias_cn": "Synapse Dedicated",
  "provider_cn": "用于Azure Synapse Analytics的.NET Framework数据提供程序",
  "providerShort_cn": "SqlClient",
  "providerDesc_cn": "使用此数据提供程序连接到Azure Synapse Analytics",
  "description_cn": "使用此选择，通过用于SQL Server的.NET Framework数据提供程序，连接到Azure Synapse Analytics。",
  "pluginType": "database",
  "guid": "2e328482-66c0-48ac-92d2-935fab30be93",
  "version": "10.0.13.0",
  "dependenceVersion": "10.0.11.0",
  "useAlc": true
}