{
  "assembly": [
    "HanaDbWrapper.dll"
  ],
  "javascript": [],
  "css": [],
  "image": "Resources/PluginLogo.png",
  "name": "Hana Database",
  "alias": "HanaDb",
  "provider": ".NET Core Data Provider For Hana",
  "providerShort": "HanaConnector",
  "providerDesc": "A Hana ADO.NET provider that supports the Hana Database.",
  "description": "Use this selection to connect to Hana Database.",
  "name_cn": "Hana数据库",
  "alias_cn": "HanaDb",
  "provider_cn": "用于Hana的.NET Core数据提供程序",
  "providerShort_cn": "HanaConnector",
  "providerDesc_cn": "一个Hana ADO.NET 提供器, 支持Hana数据库。",
  "description_cn": "使用此数据提供程序连接到Hana数据库。",
  "pluginType": "database",
  "guid": "1b8beeff-ad66-3597-af14-b1a2cb28838a",
  "version": "10.0.10.0",
  "dependenceVersion": "10.0.10.0"
}