﻿{
  "assembly": [
    "AzureSynapseServerlessWrapper.dll"
  ],
  "javascript": [],
  "css": [],
  "image": "Resources/PluginLogo.png",
  "name": "Azure Synapse Analytics - Serverless",
  "alias": "Synapse Serverless",
  "provider": ".NET Framework Data Provider for Azure Synapse Analytics",
  "providerShort": "SqlClient",
  "providerDesc": "Use this data provider to connect to Azure Synapse Analytics.",
  "description": "Use this selection to connect to Azure Synapse Analytics using the .NET Framework Data Provider for SQL Server.",
  "name_cn": "Azure Synapse Analytics - 无服务",
  "alias_cn": "Synapse Serverless",
  "provider_cn": "用于Azure Synapse Analytics的.NET Framework数据提供程序",
  "providerShort_cn": "SqlClient",
  "providerDesc_cn": "使用此数据提供程序连接到Azure Synapse Analytics",
  "description_cn": "使用此选择，通过用于SQL Server的.NET Framework数据提供程序，连接到Azure Synapse Analytics。",
  "pluginType": "database",
  "guid": "526ad3f0-79bb-480e-9adf-c593a3724124",
  "version": "10.0.13.0",
  "dependenceVersion": "10.0.11.0",
  "useAlc": true
}